{
    "micro_IoU": 0.8020295837633299,
    "micro_Precision": 0.8901403073398874,
    "micro_Recall": 0.8901403073398874,
    "micro_F1-score": 0.8901403073398874,
    "MACRO_IoU": 0.42601981309174825,
    "MACRO_Precision": 0.6002582282381742,
    "MACRO_Recall": 0.48345442182698184,
    "MACRO_F1-score": 0.5017452945043566,
    "Accuracy": 0.8901403073398874
}