{
    "0": {
        "IoU": 0.8295091489979669,
        "Precision": 0.9043698543381887,
        "Recall": 0.9092645654250239,
        "F1-score": 0.906810604857914
    },
    "1": {
        "IoU": 0.8690344062153164,
        "Precision": 0.9090016074298982,
        "Recall": 0.9518421544791472,
        "F1-score": 0.9299287410926366
    },
    "2": {
        "IoU": 0.720754716981132,
        "Precision": 0.908802537668517,
        "Recall": 0.7769491525423728,
        "F1-score": 0.8377192982456141
    },
    "3": {
        "IoU": 0.1087866108786611,
        "Precision": 0.2751322751322751,
        "Recall": 0.15249266862170088,
        "F1-score": 0.19622641509433963
    },
    "4": {
        "IoU": 0.8288590604026845,
        "Precision": 0.988,
        "Recall": 0.8372881355932204,
        "F1-score": 0.9064220183486239
    },
    "5": {
        "IoU": 0.08035714285714286,
        "Precision": 0.11842105263157894,
        "Recall": 0.2,
        "F1-score": 0.1487603305785124
    },
    "6": {
        "IoU": 0.0,
        "Precision": NaN,
        "Recall": 0.0,
        "F1-score": 0.0
    },
    "7": {
        "IoU": 0.18911174785100288,
        "Precision": 0.6910994764397905,
        "Recall": 0.20657276995305165,
        "F1-score": 0.3180722891566265
    },
    "8": {
        "IoU": 0.08108108108108109,
        "Precision": 0.2,
        "Recall": 0.12,
        "F1-score": 0.15
    },
    "9": {
        "IoU": 0.8711804792262036,
        "Precision": 0.909737844910702,
        "Recall": 0.9536070070744501,
        "F1-score": 0.9311560150375939
    },
    "10": {
        "IoU": 0.0,
        "Precision": 0.0,
        "Recall": 0.0,
        "F1-score": 0.0
    },
    "11": {
        "IoU": 0.5335633626097867,
        "Precision": 0.6982758620689655,
        "Recall": 0.6934366082348146,
        "F1-score": 0.6958478216404173
    }
}