{
    "micro_IoU": 0.7596573731944911,
    "micro_Precision": 0.8634150997422927,
    "micro_Recall": 0.8634150997422927,
    "micro_F1-score": 0.8634150997422927,
    "MACRO_IoU": 0.3909562502819766,
    "MACRO_Precision": 0.5252598036291247,
    "MACRO_Recall": 0.45202332957435093,
    "MACRO_F1-score": 0.4702640697156071,
    "Accuracy": 0.8634150997422927
}