{
    "micro_IoU": 0.5542492628924287,
    "micro_Precision": 0.7132051159683115,
    "micro_Recall": 0.7132051159683115,
    "micro_F1-score": 0.7132051159683115,
    "MACRO_IoU": 0.23730111437746992,
    "MACRO_Precision": 0.4139832181711993,
    "MACRO_Recall": 0.3053872125717802,
    "MACRO_F1-score": 0.31654950596241954,
    "Accuracy": 0.7132051159683115
}