{
    "0": {
        "IoU": 0.44462474645030425,
        "Precision": 0.5506154232604873,
        "Recall": 0.6978669213626234,
        "F1-score": 0.6155574276888515
    },
    "1": {
        "IoU": 0.4661631419939577,
        "Precision": 0.70796054140858,
        "Recall": 0.5771460632130166,
        "F1-score": 0.6358953224809396
    },
    "2": {
        "IoU": 0.3014839885446498,
        "Precision": 0.5651537335285505,
        "Recall": 0.3925423728813559,
        "F1-score": 0.4632926585317063
    },
    "3": {
        "IoU": 0.03462603878116344,
        "Precision": 0.06157635467980296,
        "Recall": 0.07331378299120235,
        "F1-score": 0.06693440428380187
    },
    "4": {
        "IoU": 0.6430868167202572,
        "Precision": 0.9259259259259259,
        "Recall": 0.6779661016949152,
        "F1-score": 0.7827788649706457
    },
    "5": {
        "IoU": 0.0,
        "Precision": NaN,
        "Recall": 0.0,
        "F1-score": 0.0
    },
    "6": {
        "IoU": 0.0,
        "Precision": NaN,
        "Recall": 0.0,
        "F1-score": 0.0
    },
    "7": {
        "IoU": 0.0,
        "Precision": 0.0,
        "Recall": 0.0,
        "F1-score": 0.0
    },
    "8": {
        "IoU": 0.07094594594594594,
        "Precision": 0.14788732394366197,
        "Recall": 0.12,
        "F1-score": 0.13249211356466878
    },
    "9": {
        "IoU": 0.7454834677877514,
        "Precision": 0.777768996720275,
        "Recall": 0.9472544395784205,
        "F1-score": 0.8541856529097773
    },
    "10": {
        "IoU": 0.0,
        "Precision": 0.0,
        "Recall": 0.0,
        "F1-score": 0.0
    },
    "11": {
        "IoU": 0.14119922630560927,
        "Precision": 0.4029438822447102,
        "Recall": 0.1785568691398288,
        "F1-score": 0.24745762711864408
    }
}