{
    "1": {
        "train_loss": 0.9202163255214691,
        "train_accuracy": 73.7319974953037,
        "train_IoU": 0.19849899977706262,
        "val_accuracy": 49.741723409250994,
        "val_loss": 1.5426176110310335,
        "val_IoU": 0.03869908597170086
    },
    "2": {
        "train_loss": 0.38932765133678904,
        "train_accuracy": 87.35519724483407,
        "train_IoU": 0.3298835597003385,
        "val_accuracy": 55.059873209673626,
        "val_loss": 1.0991953113185824,
        "val_IoU": 0.10653198947757746
    },
    "3": {
        "train_loss": 0.33505602791905403,
        "train_accuracy": 88.25532247964935,
        "train_IoU": 0.3542949925676731,
        "val_accuracy": 74.81803240197229,
        "val_loss": 0.5875326853189897,
        "val_IoU": 0.2627723148055558
    },
    "4": {
        "train_loss": 0.3123060062527655,
        "train_accuracy": 88.92845961177207,
        "train_IoU": 0.36578755360899634,
        "val_accuracy": 90.25592862174219,
        "val_loss": 0.27144583325777494,
        "val_IoU": 0.3911608724372746
    },
    "5": {
        "train_loss": 0.2945844078809022,
        "train_accuracy": 89.33547276142768,
        "train_IoU": 0.37296943699819846,
        "val_accuracy": 87.77882131955859,
        "val_loss": 0.32918287746941866,
        "val_IoU": 0.3715241977346111
    },
    "6": {
        "train_loss": 0.2831648435071111,
        "train_accuracy": 89.7307451471509,
        "train_IoU": 0.37633466215439426,
        "val_accuracy": 89.84503404555059,
        "val_loss": 0.2815841540916642,
        "val_IoU": 0.38607882393763304
    },
    "7": {
        "train_loss": 0.27338958114385603,
        "train_accuracy": 89.99686912961803,
        "train_IoU": 0.3818884886583482,
        "val_accuracy": 58.24137121389998,
        "val_loss": 0.9973350487538238,
        "val_IoU": 0.09764587064313214
    },
    "8": {
        "train_loss": 0.26753028921782956,
        "train_accuracy": 89.9812147777082,
        "train_IoU": 0.38345506917493527,
        "val_accuracy": 51.74923691007278,
        "val_loss": 1.33422176873506,
        "val_IoU": 0.054947432985657886
    },
    "9": {
        "train_loss": 0.2609009585529567,
        "train_accuracy": 90.34909204758922,
        "train_IoU": 0.38745005515975045,
        "val_accuracy": 90.67856304296782,
        "val_loss": 0.25995684782070894,
        "val_IoU": 0.39392378221508106
    },
    "10": {
        "train_loss": 0.2556298834457993,
        "train_accuracy": 90.32561051972449,
        "train_IoU": 0.39341186498226627,
        "val_accuracy": 89.37544024418878,
        "val_loss": 0.27049957215785964,
        "val_IoU": 0.375073160340289
    },
    "11": {
        "train_loss": 0.25245296671986595,
        "train_accuracy": 90.47041327489042,
        "train_IoU": 0.39495742814912876,
        "val_accuracy": 90.06809110119747,
        "val_loss": 0.2653351550671591,
        "val_IoU": 0.3996257517589977
    },
    "12": {
        "train_loss": 0.2445908645540476,
        "train_accuracy": 90.56825297432687,
        "train_IoU": 0.40085753409800795,
        "val_accuracy": 89.62197698990373,
        "val_loss": 0.2850461192985079,
        "val_IoU": 0.3981739599762503
    },
    "13": {
        "train_loss": 0.2405837954953313,
        "train_accuracy": 90.52520350657483,
        "train_IoU": 0.3941883832465184,
        "val_accuracy": 90.81944118337638,
        "val_loss": 0.24706193993785486,
        "val_IoU": 0.3982124032804759
    },
    "14": {
        "train_loss": 0.23776730131357895,
        "train_accuracy": 90.6113024420789,
        "train_IoU": 0.3987448203094934,
        "val_accuracy": 52.571026062455985,
        "val_loss": 1.3142121478692808,
        "val_IoU": 0.1055405667292917
    },
    "15": {
        "train_loss": 0.2328178312256931,
        "train_accuracy": 90.89699436443331,
        "train_IoU": 0.41108882841863176,
        "val_accuracy": 49.71824371918291,
        "val_loss": 2.015633835721371,
        "val_IoU": 0.03839440775179042
    },
    "16": {
        "train_loss": 0.2292059542983769,
        "train_accuracy": 90.97526612398246,
        "train_IoU": 0.4118561712344976,
        "val_accuracy": 87.80230100962667,
        "val_loss": 0.34284628082567187,
        "val_IoU": 0.38201081061775033
    },
    "17": {
        "train_loss": 0.22385516829788685,
        "train_accuracy": 91.10050093926112,
        "train_IoU": 0.42076935396061965,
        "val_accuracy": 90.93683963371684,
        "val_loss": 0.24833626733787031,
        "val_IoU": 0.4236804580448415
    },
    "18": {
        "train_loss": 0.2217462677881122,
        "train_accuracy": 91.33140262993112,
        "train_IoU": 0.42785441710059313,
        "val_accuracy": 68.81897158957501,
        "val_loss": 0.7211862464449299,
        "val_IoU": 0.19571543373702274
    },
    "19": {
        "train_loss": 0.21724329065531495,
        "train_accuracy": 91.23356293049467,
        "train_IoU": 0.439490237686176,
        "val_accuracy": 90.78422164827424,
        "val_loss": 0.24483764104878722,
        "val_IoU": 0.4169650419312425
    },
    "20": {
        "train_loss": 0.21042957030236725,
        "train_accuracy": 91.57795867251096,
        "train_IoU": 0.43851451220887516,
        "val_accuracy": 80.25358065273538,
        "val_loss": 0.4643036607486098,
        "val_IoU": 0.3033317330963342
    },
    "21": {
        "train_loss": 0.20974391568452125,
        "train_accuracy": 91.28835316217908,
        "train_IoU": 0.43682826152605003,
        "val_accuracy": 89.4576191594271,
        "val_loss": 0.27712638275836843,
        "val_IoU": 0.38791134439581254
    },
    "22": {
        "train_loss": 0.21141898620873692,
        "train_accuracy": 91.40184721352536,
        "train_IoU": 0.4371708716341465,
        "val_accuracy": 90.63160366283165,
        "val_loss": 0.2589876275898806,
        "val_IoU": 0.41631170375672605
    },
    "23": {
        "train_loss": 0.20375604290515195,
        "train_accuracy": 91.40184721352536,
        "train_IoU": 0.4384977752314442,
        "val_accuracy": 91.24207560460202,
        "val_loss": 0.23980890103240515,
        "val_IoU": 0.419081669490905
    },
    "24": {
        "train_loss": 0.20490061387419703,
        "train_accuracy": 91.527082028804,
        "train_IoU": 0.4357268362182097,
        "val_accuracy": 90.88988025358066,
        "val_loss": 0.24277607384902328,
        "val_IoU": 0.4287856828536123
    },
    "25": {
        "train_loss": 0.1967928806319833,
        "train_accuracy": 91.79320601127114,
        "train_IoU": 0.44673467176724874,
        "val_accuracy": 90.39680676215073,
        "val_loss": 0.2510687195098223,
        "val_IoU": 0.42618750559710084
    },
    "26": {
        "train_loss": 0.1989929873496294,
        "train_accuracy": 91.6014402003757,
        "train_IoU": 0.45580404318956097,
        "val_accuracy": 51.09180558816624,
        "val_loss": 1.9103855303863984,
        "val_IoU": 0.053755634966126356
    },
    "27": {
        "train_loss": 0.1910134785622358,
        "train_accuracy": 92.07889793362554,
        "train_IoU": 0.44992028219451874,
        "val_accuracy": 50.09391876027236,
        "val_loss": 2.2880033254623413,
        "val_IoU": 0.04360300393686205
    },
    "28": {
        "train_loss": 0.1921517287939787,
        "train_accuracy": 91.78146524733876,
        "train_IoU": 0.4507206201219526,
        "val_accuracy": 90.16200986146983,
        "val_loss": 0.2742550578802381,
        "val_IoU": 0.41438986636659736
    },
    "29": {
        "train_loss": 0.18427504640072578,
        "train_accuracy": 92.23544145272385,
        "train_IoU": 0.4669293836843283,
        "val_accuracy": 91.07771777412538,
        "val_loss": 0.24524401851109603,
        "val_IoU": 0.42411586344714947
    },
    "30": {
        "train_loss": 0.18409168392419817,
        "train_accuracy": 92.14542892924233,
        "train_IoU": 0.46390993805032404,
        "val_accuracy": 79.80746654144166,