{
    "1": {
        "train_loss": 1.2378810723125937,
        "train_accuracy": 71.15135834411383,
        "train_IoU": 0.22061807197419364,
        "val_accuracy": 81.94967074317968,
        "val_loss": 0.642147201210705,
        "val_IoU": 0.2379057614255813
    },
    "2": {
        "train_loss": 0.33922661744058125,
        "train_accuracy": 90.3014622290172,
        "train_IoU": 0.3066800858064077,
        "val_accuracy": 91.67450611476951,
        "val_loss": 0.2818936127335278,
        "val_IoU": 0.3205851979010784
    },
    "3": {
        "train_loss": 0.2719879675656558,
        "train_accuracy": 91.24622682190599,
        "train_IoU": 0.3227846620369296,
        "val_accuracy": 91.48635936030104,
        "val_loss": 0.24934592943138154,
        "val_IoU": 0.3333046664086879
    },
    "4": {
        "train_loss": 0.23687518376857042,
        "train_accuracy": 92.0185032733545,
        "train_IoU": 0.3784905221757096,
        "val_accuracy": 93.39134524929445,
        "val_loss": 0.21471296406503937,
        "val_IoU": 0.4174434758878827
    },
    "5": {
        "train_loss": 0.21021172009408481,
        "train_accuracy": 92.83782194519581,
        "train_IoU": 0.4248609646399695,
        "val_accuracy": 93.120884289746,
        "val_loss": 0.21119149273900842,
        "val_IoU": 0.44729475667323637
    },
    "6": {
        "train_loss": 0.2045122195407748,
        "train_accuracy": 92.80646046493395,
        "train_IoU": 0.43494191634825585,
        "val_accuracy": 88.18203198494827,
        "val_loss": 0.31169582503055454,
        "val_IoU": 0.40249308935620387
    },
    "7": {
        "train_loss": 0.1915494851768016,
        "train_accuracy": 93.16711748794543,
        "train_IoU": 0.4455044117810043,
        "val_accuracy": 88.95813734713076,
        "val_loss": 0.29074610658545996,
        "val_IoU": 0.3701565502562479
    },
    "8": {
        "train_loss": 0.18673306401818993,
        "train_accuracy": 93.2690422987965,
        "train_IoU": 0.4567028688765429,
        "val_accuracy": 93.88523047977422,
        "val_loss": 0.1827670788364624,
        "val_IoU": 0.4669448315931761
    },
    "9": {
        "train_loss": 0.17808142289519305,
        "train_accuracy": 93.53561488102238,
        "train_IoU": 0.4636664197456515,
        "val_accuracy": 92.47412982126059,
        "val_loss": 0.2100795709819936,
        "val_IoU": 0.4311106568475698
    },
    "10": {
        "train_loss": 0.1752557786926628,
        "train_accuracy": 93.51993414089145,
        "train_IoU": 0.46320011294224983,
        "val_accuracy": 92.99153339604892,
        "val_loss": 0.2133261485775905,
        "val_IoU": 0.46542414288908207
    },
    "11": {
        "train_loss": 0.17176762439310553,
        "train_accuracy": 93.66498098710258,
        "train_IoU": 0.4695970934355425,
        "val_accuracy": 89.66368767638758,
        "val_loss": 0.2673780675699462,
        "val_IoU": 0.4520597347657104
    },
    "12": {
        "train_loss": 0.16698789317160848,
        "train_accuracy": 93.7355443176918,
        "train_IoU": 0.4740504044351568,
        "val_accuracy": 87.793979303857,
        "val_loss": 0.29035777965588355,
        "val_IoU": 0.4316872642397706
    },
    "13": {
        "train_loss": 0.1630296048521995,
        "train_accuracy": 93.88451134893567,
        "train_IoU": 0.4788132575567472,
        "val_accuracy": 86.64158043273753,
        "val_loss": 0.350737596403307,
        "val_IoU": 0.3833103251165356
    },
    "14": {
        "train_loss": 0.15847442843019957,
        "train_accuracy": 93.88843153396842,
        "train_IoU": 0.4729807986756886,
        "val_accuracy": 91.53339604891816,
        "val_loss": 0.22369513727390938,
        "val_IoU": 0.45620011325608295
    },
    "15": {
        "train_loss": 0.15342611245810994,
        "train_accuracy": 94.14324356109609,
        "train_IoU": 0.48943733092994723,
        "val_accuracy": 93.21495766698024,
        "val_loss": 0.1877457215937216,
        "val_IoU": 0.451722392328846
    },
    "16": {
        "train_loss": 0.15472773322835565,
        "train_accuracy": 93.806107648281,
        "train_IoU": 0.47833690731634704,
        "val_accuracy": 91.52163687676388,
        "val_loss": 0.22372848040132384,
        "val_IoU": 0.45155165769305616
    },
    "17": {
        "train_loss": 0.15049741169437764,
        "train_accuracy": 94.10404171076875,
        "train_IoU": 0.48512306745011363,
        "val_accuracy": 93.34430856067732,
        "val_loss": 0.18216923324029835,
        "val_IoU": 0.48342307089827147
    },
    "18": {
        "train_loss": 0.14862568529322745,
        "train_accuracy": 94.08444078560508,
        "train_IoU": 0.49333204731672864,
        "val_accuracy": 83.87817497648166,
        "val_loss": 0.3270140074527084,
        "val_IoU": 0.3970253506758501
    },
    "19": {
        "train_loss": 0.14030405718833214,
        "train_accuracy": 94.3784546630601,
        "train_IoU": 0.5136632927242986,
        "val_accuracy": 92.75634995296332,
        "val_loss": 0.20087120665320704,
        "val_IoU": 0.4716475682664957
    },
    "20": {
        "train_loss": 0.14229070104658598,
        "train_accuracy": 94.40589595828924,
        "train_IoU": 0.5124322396258717,
        "val_accuracy": 91.32173095014112,
        "val_loss": 0.21164794533110373,
        "val_IoU": 0.45098470005447006
    },
    "21": {
        "train_loss": 0.13904166445136065,
        "train_accuracy": 94.35101336783096,
        "train_IoU": 0.5080521875863409,
        "val_accuracy": 89.92238946378176,
        "val_loss": 0.2607370792929806,
        "val_IoU": 0.446830804980378
    },
    "22": {
        "train_loss": 0.1367573927342891,
        "train_accuracy": 94.40589595828924,
        "train_IoU": 0.5112613445645746,
        "val_accuracy": 93.49717779868297,
        "val_loss": 0.178801228528592,
        "val_IoU": 0.46414354646460304
    },
    "23": {
        "train_loss": 0.13529738018289209,
        "train_accuracy": 94.3784546630601,
        "train_IoU": 0.5212307630025841,
        "val_accuracy": 92.79162746942615,
        "val_loss": 0.2126076378261865,
        "val_IoU": 0.46471955152067185
    },
    "24": {
        "train_loss": 0.13217151440680028,
        "train_accuracy": 94.58230428476224,
        "train_IoU": 0.5270418380631487,
        "val_accuracy": 93.29727187206021,
        "val_loss": 0.18403075535350769,
        "val_IoU": 0.462056020702527
    },
    "25": {
        "train_loss": 0.12878537636250262,
        "train_accuracy": 94.60582539495864,
        "train_IoU": 0.5277842630521731,
        "val_accuracy": 84.76011288805267,
        "val_loss": 0.37364368096216394,
        "val_IoU": 0.3552963124504555
    },
    "26": {
        "train_loss": 0.1260861210897566,
        "train_accuracy": 94.75871261123525,
        "train_IoU": 0.5347795677987055,
        "val_accuracy": 93.50893697083725,
        "val_loss": 0.17468274140091083,
        "val_IoU": 0.48250616352266174
    },
    "27": {
        "train_loss": 0.127242130190134,
        "train_accuracy": 94.65678780038418,
        "train_IoU": 0.5293687184727364,
        "val_accuracy": 93.3560677328316,
        "val_loss": 0.1913026462295161,
        "val_IoU": 0.4628857294245936
    },
    "28": {
        "train_loss": 0.1219847936928272,
        "train_accuracy": 94.72343094594065,
        "train_IoU": 0.5462263070591062,
        "val_accuracy": 92.76810912511759,
        "val_loss": 0.204424523484351,
        "val_IoU": 0.47905949084193133
    },
    "29": {
        "train_loss": 0.12347269551828498,
        "train_accuracy": 94.69206946567878,
        "train_IoU": 0.5410594168533311,
        "val_accuracy": 90.00470366886171,
        "val_loss": 0.28264451961019166,
        "val_IoU": 0.4345192822047148
    },
    "30": {
        "train_loss": 0.11938762649893755,
        "train_accuracy": 94.88023834724999,
        "train_IoU": 0.5441225167632668,
        "val_accuracy": 91.90968955785512,