{
    "1": {
        "train_loss": 1.1049374729394923,
        "train_accuracy": 68.13548690606868,
        "train_IoU": 0.18509225372807264,
        "val_accuracy": 77.99858889934148,
        "val_loss": 0.694705868390069,
        "val_IoU": 0.2187894319072556
    },
    "2": {
        "train_loss": 0.3600477658212186,
        "train_accuracy": 89.03873294652658,
        "train_IoU": 0.3000593440649897,
        "val_accuracy": 81.32643461900282,
        "val_loss": 0.5224836077263106,
        "val_IoU": 0.23934401312008502
    },
    "3": {
        "train_loss": 0.26980873007327294,
        "train_accuracy": 91.20668025717423,
        "train_IoU": 0.35475423089501257,
        "val_accuracy": 90.56914393226717,
        "val_loss": 0.27012148788615836,
        "val_IoU": 0.37934668804613614
    },
    "4": {
        "train_loss": 0.23629365932196378,
        "train_accuracy": 92.01034969421357,
        "train_IoU": 0.40302623668901855,
        "val_accuracy": 72.78927563499529,
        "val_loss": 0.5602579161302367,
        "val_IoU": 0.2582364033053753
    },
    "5": {
        "train_loss": 0.21496092941612,
        "train_accuracy": 92.66112592127959,
        "train_IoU": 0.4260651468713218,
        "val_accuracy": 85.84195672624647,
        "val_loss": 0.36435546959514054,
        "val_IoU": 0.3048972042212555
    },
    "6": {
        "train_loss": 0.20058163974434154,
        "train_accuracy": 92.94339030892269,
        "train_IoU": 0.43905499804672155,
        "val_accuracy": 91.862652869238,
        "val_loss": 0.23291366914315018,
        "val_IoU": 0.4194234971639335
    },
    "7": {
        "train_loss": 0.19266593508422378,
        "train_accuracy": 93.18253097067587,
        "train_IoU": 0.44995034243229015,
        "val_accuracy": 58.40780809031044,
        "val_loss": 0.9897349165446723,
        "val_IoU": 0.13755161903622148
    },
    "8": {
        "train_loss": 0.1818919275701045,
        "train_accuracy": 93.55888348753332,
        "train_IoU": 0.46005150152144425,
        "val_accuracy": 74.09454374412041,
        "val_loss": 0.5285217597413417,
        "val_IoU": 0.3006293323818714
    },
    "9": {
        "train_loss": 0.17765267625451087,
        "train_accuracy": 93.60984789085776,
        "train_IoU": 0.46848231440143046,
        "val_accuracy": 78.66886171213547,
        "val_loss": 0.5125368802405116,
        "val_IoU": 0.2851744434427842
    },
    "10": {
        "train_loss": 0.17221769696101552,
        "train_accuracy": 93.78234279441745,
        "train_IoU": 0.47428665473263193,
        "val_accuracy": 67.96801505174035,
        "val_loss": 0.7033424021592781,
        "val_IoU": 0.25448449913928906
    },
    "11": {
        "train_loss": 0.1682451986521483,
        "train_accuracy": 93.7745021169829,
        "train_IoU": 0.468291272723711,
        "val_accuracy": 78.89228598306678,
        "val_loss": 0.43006366090988035,
        "val_IoU": 0.32154442239284564
    },
    "12": {
        "train_loss": 0.16389646014198647,
        "train_accuracy": 93.93915634310804,
        "train_IoU": 0.4744536170128031,
        "val_accuracy": 91.42756349952963,
        "val_loss": 0.2273078694272397,
        "val_IoU": 0.4160811109946601
    },
    "13": {
        "train_loss": 0.15904498167335987,
        "train_accuracy": 94.00972244001882,
        "train_IoU": 0.4805067946102316,
        "val_accuracy": 83.64299153339604,
        "val_loss": 0.3739272674073033,
        "val_IoU": 0.3211545588316756
    },
    "14": {
        "train_loss": 0.15930516209453346,
        "train_accuracy": 93.9901207464325,
        "train_IoU": 0.48580810768780264,
        "val_accuracy": 88.38193791157103,
        "val_loss": 0.2890830400274761,
        "val_IoU": 0.41310778030259293
    },
    "15": {
        "train_loss": 0.1519870688579976,
        "train_accuracy": 94.21750039203387,
        "train_IoU": 0.4983968796183493,
        "val_accuracy": 92.43885230479773,
        "val_loss": 0.2068981550522704,
        "val_IoU": 0.4674151692442704
    },
    "16": {
        "train_loss": 0.15344881607219582,
        "train_accuracy": 94.15477497255763,
        "train_IoU": 0.4898859038617602,
        "val_accuracy": 82.8904045155221,
        "val_loss": 0.45890232342392673,
        "val_IoU": 0.33649270976744333
    },
    "17": {
        "train_loss": 0.14821294846013192,
        "train_accuracy": 94.25278344048927,
        "train_IoU": 0.4943079385135042,
        "val_accuracy": 89.20507996237065,
        "val_loss": 0.2760787468347976,
        "val_IoU": 0.40179458517556405
    },
    "18": {
        "train_loss": 0.14481621362268926,
        "train_accuracy": 94.31942919868277,
        "train_IoU": 0.5013056000172315,
        "val_accuracy": 86.52398871119473,
        "val_loss": 0.35015392036580323,
        "val_IoU": 0.36372491194302164
    },
    "19": {
        "train_loss": 0.1416690604761244,
        "train_accuracy": 94.51936647326329,
        "train_IoU": 0.5106470417548231,
        "val_accuracy": 93.7206020696143,
        "val_loss": 0.1745187329934604,
        "val_IoU": 0.4700013115068857
    },
    "20": {
        "train_loss": 0.13666141048073768,
        "train_accuracy": 94.55464952171869,
        "train_IoU": 0.524263500919711,
        "val_accuracy": 93.01505174035748,
        "val_loss": 0.19360184157962235,
        "val_IoU": 0.46460206140491245
    },
    "21": {
        "train_loss": 0.1331200416758657,
        "train_accuracy": 94.70362239297475,
        "train_IoU": 0.529596779051095,
        "val_accuracy": 83.21966133584195,
        "val_loss": 0.41501363311240913,
        "val_IoU": 0.36874807250331804
    },
    "22": {
        "train_loss": 0.13485574152320626,
        "train_accuracy": 94.58209189273953,
        "train_IoU": 0.5165397854916257,
        "val_accuracy": 91.89793038570085,
        "val_loss": 0.22060529720872193,
        "val_IoU": 0.48675669169210417
    },
    "23": {
        "train_loss": 0.13264014696702356,
        "train_accuracy": 94.68794103810569,
        "train_IoU": 0.5299017109565674,
        "val_accuracy": 67.19190968955786,
        "val_loss": 0.9151570245401183,
        "val_IoU": 0.20501537109593715
    },
    "24": {
        "train_loss": 0.12830819029361,
        "train_accuracy": 94.71930374784381,
        "train_IoU": 0.5184315918176965,
        "val_accuracy": 82.14957666980244,
        "val_loss": 0.4268754218051683,
        "val_IoU": 0.39419556842654424
    },
    "25": {
        "train_loss": 0.12577910684049134,
        "train_accuracy": 94.87611729653442,
        "train_IoU": 0.539723919509268,
        "val_accuracy": 91.78033866415805,
        "val_loss": 0.21976614476584674,
        "val_IoU": 0.47102523412700614
    },
    "26": {
        "train_loss": 0.12727319547906515,
        "train_accuracy": 94.71146307040928,
        "train_IoU": 0.529659114578328,
        "val_accuracy": 88.72295390404516,
        "val_loss": 0.29921125742926524,
        "val_IoU": 0.4464653998329763
    },
    "27": {
        "train_loss": 0.12205670975148679,
        "train_accuracy": 95.05253253881135,
        "train_IoU": 0.5526192602610273,
        "val_accuracy": 87.77046095954844,
        "val_loss": 0.3041787832530578,
        "val_IoU": 0.44518962567630893
    },
    "28": {
        "train_loss": 0.12216184198856357,
        "train_accuracy": 94.87219695781715,
        "train_IoU": 0.5398991361685581,
        "val_accuracy": 90.75729068673566,
        "val_loss": 0.22549916737115205,
        "val_IoU": 0.4639672496118165
    },
    "29": {
        "train_loss": 0.11874054800719021,
        "train_accuracy": 95.06429355496316,
        "train_IoU": 0.5606727501422057,
        "val_accuracy": 80.71495766698024,
        "val_loss": 0.4287645269685717,
        "val_IoU": 0.3599367711157525
    },
    "30": {
        "train_loss": 0.12083319319412113,
        "train_accuracy": 94.93492237729339,
        "train_IoU": 0.5560776930859855,
        "val_accuracy": 92.9444967074318,