{
    "micro_IoU": 0.561168231262107,
    "micro_Precision": 0.7189080843752983,
    "micro_Recall": 0.7189080843752983,
    "micro_F1-score": 0.7189080843752983,
    "MACRO_IoU": 0.23802279006271623,
    "MACRO_Precision": 0.3398090299778858,
    "MACRO_Recall": 0.31339461169688504,
    "MACRO_F1-score": 0.3119690794083913,
    "Accuracy": 0.7189080843752983
}