{
    "micro_IoU": 0.5569342794516476,
    "micro_Precision": 0.7154242626706118,
    "micro_Recall": 0.7154242626706118,
    "micro_F1-score": 0.7154242626706118,
    "MACRO_IoU": 0.22905996356132796,
    "MACRO_Precision": 0.3514896451220097,
    "MACRO_Recall": 0.30236291284866884,
    "MACRO_F1-score": 0.30028422308663094,
    "Accuracy": 0.7154242626706118
}