{
    "0": {
        "IoU": 0.47263772345859173,
        "Precision": 0.5253446877534469,
        "Recall": 0.82489652976759,
        "F1-score": 0.6418927288492506
    },
    "1": {
        "IoU": 0.4817634689290117,
        "Precision": 0.6820654963556103,
        "Recall": 0.6212829624088274,
        "F1-score": 0.650256912160509
    },
    "2": {
        "IoU": 0.2304490038655962,
        "Precision": 0.6523569023569024,
        "Recall": 0.2627118644067797,
        "F1-score": 0.37457709038182696
    },
    "3": {
        "IoU": 0.04114713216957606,
        "Precision": 0.06680161943319839,
        "Recall": 0.0967741935483871,
        "F1-score": 0.07904191616766468
    },
    "4": {
        "IoU": 0.6625,
        "Precision": 0.8945147679324894,
        "Recall": 0.7186440677966102,
        "F1-score": 0.7969924812030075
    },
    "5": {
        "IoU": 0.0,
        "Precision": 0.0,
        "Recall": 0.0,
        "F1-score": 0.0
    },
    "6": {
        "IoU": 0.002717391304347826,
        "Precision": 0.05555555555555555,
        "Recall": 0.002849002849002849,
        "F1-score": 0.005420054200542005
    },
    "7": {
        "IoU": 0.0015267175572519084,
        "Precision": 0.058823529411764705,
        "Recall": 0.001564945226917058,
        "F1-score": 0.003048780487804878
    },
    "8": {
        "IoU": 0.06172839506172839,
        "Precision": 0.11834319526627218,
        "Recall": 0.11428571428571428,
        "F1-score": 0.11627906976744186
    },
    "9": {
        "IoU": 0.7550265773052923,
        "Precision": 0.7908815816017752,
        "Recall": 0.9433562731604024,
        "F1-score": 0.8604161179878852
    },
    "10": {
        "IoU": 0.0,
        "Precision": 0.0,
        "Recall": 0.0,
        "F1-score": 0.0
    },
    "11": {
        "IoU": 0.039223153084539226,
        "Precision": 0.37318840579710144,
        "Recall": 0.041989400733795354,
        "F1-score": 0.0754855258336387
    }
}