{
    "0": {
        "IoU": 0.33418803418803417,
        "Precision": 0.3768674698795181,
        "Recall": 0.7468958930276982,
        "F1-score": 0.5009609224855862
    },
    "1": {
        "IoU": 0.3114529393847091,
        "Precision": 0.6265318627450981,
        "Recall": 0.3824574527772583,
        "F1-score": 0.47497387063058877
    },
    "2": {
        "IoU": 0.11581422692533803,
        "Precision": 0.4657210401891253,
        "Recall": 0.1335593220338983,
        "F1-score": 0.20758693361433087
    },
    "3": {
        "IoU": 0.01583710407239819,
        "Precision": 0.06481481481481481,
        "Recall": 0.020527859237536656,
        "F1-score": 0.031180400890868598
    },
    "4": {
        "IoU": 0.3057553956834532,
        "Precision": 0.39443155452436196,
        "Recall": 0.576271186440678,
        "F1-score": 0.46831955922865015
    },
    "5": {
        "IoU": 0.0,
        "Precision": 0.0,
        "Recall": 0.0,
        "F1-score": 0.0
    },
    "6": {
        "IoU": 0.011990407673860911,
        "Precision": 0.07042253521126761,
        "Recall": 0.014245014245014245,
        "F1-score": 0.023696682464454975
    },
    "7": {
        "IoU": 0.002898550724637681,
        "Precision": 0.03773584905660377,
        "Recall": 0.003129890453834116,
        "F1-score": 0.005780346820809248
    },
    "8": {
        "IoU": 0.04059040590405904,
        "Precision": 0.102803738317757,
        "Recall": 0.06285714285714286,
        "F1-score": 0.07801418439716312
    },
    "9": {
        "IoU": 0.6931158907598698,
        "Precision": 0.7234694631120301,
        "Recall": 0.9429231435584003,
        "F1-score": 0.8187459518188086
    },
    "10": {
        "IoU": 0.0,
        "Precision": 0.0,
        "Recall": 0.0,
        "F1-score": 0.0
    },
    "11": {
        "IoU": 0.03229278794402583,
        "Precision": 0.21226415094339623,
        "Recall": 0.036689767631471665,
        "F1-score": 0.06256517205422316
    }
}