{
    "0": {
        "IoU": 0.42872593553969285,
        "Precision": 0.5721709006928406,
        "Recall": 0.6310092327284305,
        "F1-score": 0.6001514004542013
    },
    "1": {
        "IoU": 0.5054201477594421,
        "Precision": 0.6589251957871995,
        "Recall": 0.684495979053675,
        "F1-score": 0.6714672292803743
    },
    "2": {
        "IoU": 0.34470419847328243,
        "Precision": 0.5377744696687756,
        "Recall": 0.48983050847457626,
        "F1-score": 0.5126840518006032
    },
    "3": {
        "IoU": 0.035751840168243953,
        "Precision": 0.052795031055900624,
        "Recall": 0.09970674486803519,
        "F1-score": 0.06903553299492386
    },
    "4": {
        "IoU": 0.6762820512820513,
        "Precision": 0.9254385964912281,
        "Recall": 0.7152542372881356,
        "F1-score": 0.8068833652007649
    },
    "5": {
        "IoU": 0.0,
        "Precision": NaN,
        "Recall": 0.0,
        "F1-score": 0.0
    },
    "6": {
        "IoU": 0.0,
        "Precision": 0.0,
        "Recall": 0.0,
        "F1-score": 0.0
    },
    "7": {
        "IoU": 0.0,
        "Precision": NaN,
        "Recall": 0.0,
        "F1-score": 0.0
    },
    "8": {
        "IoU": 0.015384615384615385,
        "Precision": 0.13043478260869565,
        "Recall": 0.017142857142857144,
        "F1-score": 0.030303030303030304
    },
    "9": {
        "IoU": 0.7610161329159644,
        "Precision": 0.8208380226820189,
        "Recall": 0.9126040714182588,
        "F1-score": 0.8642920626239147
    },
    "10": {
        "IoU": 0.0,
        "Precision": 0.0,
        "Recall": 0.0,
        "F1-score": 0.0
    },
    "11": {
        "IoU": 0.07484407484407485,
        "Precision": 0.33281972265023113,
        "Recall": 0.088055442315532,
        "F1-score": 0.13926499032882012
    }
}