{
    "micro_IoU": 0.46973416567300275,
    "micro_Precision": 0.6392096974324711,
    "micro_Recall": 0.6392096974324711,
    "micro_F1-score": 0.6392096974324711,
    "MACRO_IoU": 0.15898013873931024,
    "MACRO_Precision": 0.2742782733234082,
    "MACRO_Recall": 0.2388799726735131,
    "MACRO_F1-score": 0.2277896765936529,
    "Accuracy": 0.6392096974324711
}