{
    "0": {
        "IoU": 0.341070372560615,
        "Precision": 0.3890387858347386,
        "Recall": 0.7344794651384909,
        "F1-score": 0.5086539521552199
    },
    "1": {
        "IoU": 0.31208053691275167,
        "Precision": 0.6064338501666425,
        "Recall": 0.3913409388442117,
        "F1-score": 0.47570332480818417
    },
    "2": {
        "IoU": 0.1181547619047619,
        "Precision": 0.4919454770755886,
        "Recall": 0.13457627118644067,
        "F1-score": 0.21133883417620442
    },
    "3": {
        "IoU": 0.0,
        "Precision": 0.0,
        "Recall": 0.0,
        "F1-score": 0.0
    },
    "4": {
        "IoU": 0.3232104121475054,
        "Precision": 0.473015873015873,
        "Recall": 0.5050847457627119,
        "F1-score": 0.4885245901639344
    },
    "5": {
        "IoU": 0.0,
        "Precision": 0.0,
        "Recall": 0.0,
        "F1-score": 0.0
    },
    "6": {
        "IoU": 0.0027472527472527475,
        "Precision": 0.07142857142857142,
        "Recall": 0.002849002849002849,
        "F1-score": 0.005479452054794521
    },
    "7": {
        "IoU": 0.01346389228886169,
        "Precision": 0.0582010582010582,
        "Recall": 0.017214397496087636,
        "F1-score": 0.026570048309178744
    },
    "8": {
        "IoU": 0.07627118644067797,
        "Precision": 0.22784810126582278,
        "Recall": 0.10285714285714286,
        "F1-score": 0.14173228346456693
    },
    "9": {
        "IoU": 0.6906629154211359,
        "Precision": 0.7195090675947976,
        "Recall": 0.945136917079744,
        "F1-score": 0.8170320755501934
    },
    "10": {
        "IoU": 0.0,
        "Precision": 0.0,
        "Recall": 0.0,
        "F1-score": 0.0
    },
    "11": {
        "IoU": 0.030100334448160536,
        "Precision": 0.25391849529780564,
        "Recall": 0.033020790868324504,
        "F1-score": 0.05844155844155844
    }
}