{
    "1": {
        "train_loss": 1.178584891855717,
        "train_accuracy": 65.62304320601126,
        "train_IoU": 0.15593839085131395,
        "val_accuracy": 81.61540267668467,
        "val_loss": 0.5320111971292922,
        "val_IoU": 0.20699583074756583
    },
    "2": {
        "train_loss": 0.4644543689489362,
        "train_accuracy": 84.18910457107076,
        "train_IoU": 0.2453324443584068,
        "val_accuracy": 86.25264146513267,
        "val_loss": 0.3993689193209605,
        "val_IoU": 0.3032601803580698
    },
    "3": {
        "train_loss": 0.36846881613135357,
        "train_accuracy": 87.21430807764558,
        "train_IoU": 0.32136162583482153,
        "val_accuracy": 89.12890349847382,
        "val_loss": 0.31370289023242776,
        "val_IoU": 0.36766409417845636
    },
    "4": {
        "train_loss": 0.3291787084937095,
        "train_accuracy": 88.4627426424546,
        "train_IoU": 0.35560804770325605,
        "val_accuracy": 49.85912185959145,
        "val_loss": 2.1193933629277932,
        "val_IoU": 0.04849875160585927
    },
    "5": {
        "train_loss": 0.31164017252624043,
        "train_accuracy": 88.7210394489668,
        "train_IoU": 0.3626542962768705,
        "val_accuracy": 90.33810753698052,
        "val_loss": 0.2731255493057308,
        "val_IoU": 0.38160895411409784
    },
    "6": {
        "train_loss": 0.29917855679988903,
        "train_accuracy": 89.18284283030683,
        "train_IoU": 0.36865566127427396,
        "val_accuracy": 87.74360178445644,
        "val_loss": 0.3275089106008188,
        "val_IoU": 0.3500346745670245
    },
    "7": {
        "train_loss": 0.2890476072579619,
        "train_accuracy": 89.60942391984972,
        "train_IoU": 0.3786829281131222,
        "val_accuracy": 49.72998356421695,
        "val_loss": 2.26862196957887,
        "val_IoU": 0.03852603000575835
    },
    "8": {
        "train_loss": 0.27845118865370755,
        "train_accuracy": 89.81293049467752,
        "train_IoU": 0.38231930560502997,
        "val_accuracy": 88.08405729044377,
        "val_loss": 0.3285364299567778,
        "val_IoU": 0.3612763098573153
    },
    "9": {
        "train_loss": 0.271762935630977,
        "train_accuracy": 89.9264245460238,
        "train_IoU": 0.38029290412377753,
        "val_accuracy": 49.753463254285045,
        "val_loss": 2.025813198801297,
        "val_IoU": 0.044286918431925275
    },
    "10": {
        "train_loss": 0.26967961229383947,
        "train_accuracy": 90.0829680651221,
        "train_IoU": 0.38661256294622154,
        "val_accuracy": 82.69546841981685,
        "val_loss": 0.41016813578890343,
        "val_IoU": 0.2964774449294243
    },
    "11": {
        "train_loss": 0.2622617288678884,
        "train_accuracy": 90.20428929242328,
        "train_IoU": 0.387515287631565,
        "val_accuracy": 53.53369335524771,
        "val_loss": 1.519849428490026,
        "val_IoU": 0.10608163463241
    },
    "12": {
        "train_loss": 0.2542594946920871,
        "train_accuracy": 90.55259862241704,
        "train_IoU": 0.39207181792884516,
        "val_accuracy": 84.57384362526415,
        "val_loss": 0.3873018433353794,
        "val_IoU": 0.3182360519463405
    },
    "13": {
        "train_loss": 0.24964150637388227,
        "train_accuracy": 90.65043832185347,
        "train_IoU": 0.3949011371141679,
        "val_accuracy": 75.90983799013853,
        "val_loss": 0.5177560043868734,
        "val_IoU": 0.2719604571910596
    },
    "14": {
        "train_loss": 0.2509473764151337,
        "train_accuracy": 90.50172197871008,
        "train_IoU": 0.39805140222225377,
        "val_accuracy": 90.73726226813807,
        "val_loss": 0.25766275600710914,
        "val_IoU": 0.3868489488922557
    },
    "15": {
        "train_loss": 0.24404629655182367,
        "train_accuracy": 90.52520350657483,
        "train_IoU": 0.4004008192940773,
        "val_accuracy": 90.78422164827424,
        "val_loss": 0.2488229236940839,
        "val_IoU": 0.397537825098302
    },
    "16": {
        "train_loss": 0.24277863033115876,
        "train_accuracy": 90.74827802128992,
        "train_IoU": 0.39694409661342966,
        "val_accuracy": 90.76074195820615,
        "val_loss": 0.24834844948195697,
        "val_IoU": 0.39906482950110517
    },
    "17": {
        "train_loss": 0.23559360407292843,
        "train_accuracy": 90.92438948027551,
        "train_IoU": 0.410816017672303,
        "val_accuracy": 49.741723409250994,
        "val_loss": 1.917642972362575,
        "val_IoU": 0.038671967803485266
    },
    "18": {
        "train_loss": 0.23103012923151253,
        "train_accuracy": 90.95178459611772,
        "train_IoU": 0.41220730533874206,
        "val_accuracy": 49.706503874148865,
        "val_loss": 2.068509377650361,
        "val_IoU": 0.03824475196011128
    },
    "19": {
        "train_loss": 0.23040219835937029,
        "train_accuracy": 90.98700688791483,
        "train_IoU": 0.415424811909129,
        "val_accuracy": 90.26766846677624,
        "val_loss": 0.256271615513225,
        "val_IoU": 0.39738506052344086
    },
    "20": {
        "train_loss": 0.22485015995800492,
        "train_accuracy": 91.09658735128366,
        "train_IoU": 0.4140505852666264,
        "val_accuracy": 91.23033575956796,
        "val_loss": 0.23594815484178597,
        "val_IoU": 0.4033739065299635
    },
    "21": {
        "train_loss": 0.2238302976638079,
        "train_accuracy": 91.15529117094552,
        "train_IoU": 0.4267521978459391,
        "val_accuracy": 90.9250997886828,
        "val_loss": 0.24554056618640668,
        "val_IoU": 0.4047113004721853
    },
    "22": {
        "train_loss": 0.22021611355245124,
        "train_accuracy": 91.20616781465247,
        "train_IoU": 0.4354846930961287,
        "val_accuracy": 72.86921812632073,
        "val_loss": 0.5720317363739014,
        "val_IoU": 0.25027065220305905
    },
    "23": {
        "train_loss": 0.21818474519997832,
        "train_accuracy": 91.32748904195367,
        "train_IoU": 0.4349592717992088,
        "val_accuracy": 88.87062690772481,
        "val_loss": 0.2899658951296736,
        "val_IoU": 0.3894286096033654
    },
    "24": {
        "train_loss": 0.21009535346180205,
        "train_accuracy": 91.44881026925485,
        "train_IoU": 0.44764339817405907,
        "val_accuracy": 90.93683963371684,
        "val_loss": 0.24463390836964793,
        "val_IoU": 0.396741710023007
    },
    "25": {
        "train_loss": 0.21343624658882618,
        "train_accuracy": 91.30009392611146,
        "train_IoU": 0.43649328681807564,
        "val_accuracy": 83.39985912185959,
        "val_loss": 0.4139658532925505,
        "val_IoU": 0.30873789794307965
    },
    "26": {
        "train_loss": 0.20820180488750348,
        "train_accuracy": 91.54273638071385,
        "train_IoU": 0.43846731787019405,
        "val_accuracy": 90.96031932378492,
        "val_loss": 0.24766599220126426,
        "val_IoU": 0.417118823684894
    },
    "27": {
        "train_loss": 0.20494724866002798,
        "train_accuracy": 91.75407013149656,
        "train_IoU": 0.44300092033933475,
        "val_accuracy": 84.65602254050246,
        "val_loss": 0.37911972514729,
        "val_IoU": 0.32970853491924895
    },
    "28": {
        "train_loss": 0.2026287372782827,
        "train_accuracy": 91.78537883531622,
        "train_IoU": 0.4516076949873539,
        "val_accuracy": 90.84292087344447,
        "val_loss": 0.24631549373491485,
        "val_IoU": 0.4013689466788509
    },
    "29": {
        "train_loss": 0.20040033463388696,
        "train_accuracy": 91.74232936756418,
        "train_IoU": 0.4504415259081757,
        "val_accuracy": 90.83118102841043,
        "val_loss": 0.23933107483742833,
        "val_IoU": 0.4177605498575879
    },
    "30": {
        "train_loss": 0.19751444905996324,
        "train_accuracy": 91.70710707576706,
        "train_IoU": 0.4421184427495945,
        "val_accuracy": 76.56726931204508,