{
    "micro_IoU": 0.8729927971981761,
    "micro_Precision": 0.9321902342647473,
    "micro_Recall": 0.9321902342647473,
    "micro_F1-score": 0.9321902342647473,
    "MACRO_IoU": 0.5024175748330628,
    "MACRO_Precision": 0.6374453608095751,
    "MACRO_Recall": 0.5512712135609901,
    "MACRO_F1-score": 0.5813247702506896,
    "Accuracy": 0.9321902342647473
}