{
    "micro_IoU": 0.8291850102007946,
    "micro_Precision": 0.9066168873861181,
    "micro_Recall": 0.9066168873861181,
    "micro_F1-score": 0.9066168873861181,
    "MACRO_IoU": 0.4374591467638758,
    "MACRO_Precision": 0.5874596939358038,
    "MACRO_Recall": 0.5006526815521247,
    "MACRO_F1-score": 0.5132331552378238,
    "Accuracy": 0.9066168873861181
}