{
    "micro_IoU": 0.7642130964659327,
    "micro_Precision": 0.8663501002195285,
    "micro_Recall": 0.8663501002195285,
    "micro_F1-score": 0.8663501002195285,
    "MACRO_IoU": 0.3862538155880281,
    "MACRO_Precision": 0.5095033265027579,
    "MACRO_Recall": 0.4388062083574782,
    "MACRO_F1-score": 0.46087685139494045,
    "Accuracy": 0.8663501002195285
}