{
    "0": {
        "IoU": 0.8024383485730119,
        "Precision": 0.8608799048751486,
        "Recall": 0.9219993632601082,
        "F1-score": 0.8903920061491161
    },
    "1": {
        "IoU": 0.8039786915265523,
        "Precision": 0.879770470898989,
        "Recall": 0.9032167570600337,
        "F1-score": 0.891339454620957
    },
    "2": {
        "IoU": 0.7039001560062402,
        "Precision": 0.8984468339307049,
        "Recall": 0.7647457627118645,
        "F1-score": 0.8262223036073979
    },
    "3": {
        "IoU": 0.07564575645756458,
        "Precision": 0.16942148760330578,
        "Recall": 0.12023460410557185,
        "F1-score": 0.14065180102915953
    },
    "4": {
        "IoU": 0.7668918918918919,
        "Precision": 0.9956140350877193,
        "Recall": 0.7694915254237288,
        "F1-score": 0.8680688336520076
    },
    "5": {
        "IoU": 0.07894736842105263,
        "Precision": 0.16216216216216217,
        "Recall": 0.13333333333333333,
        "F1-score": 0.14634146341463414
    },
    "6": {
        "IoU": 0.0,
        "Precision": 0.0,
        "Recall": 0.0,
        "F1-score": 0.0
    },
    "7": {
        "IoU": 0.06308724832214765,
        "Precision": 0.30718954248366015,
        "Recall": 0.07355242566510173,
        "F1-score": 0.11868686868686869
    },
    "8": {
        "IoU": 0.08411214953271028,
        "Precision": 0.3157894736842105,
        "Recall": 0.10285714285714286,
        "F1-score": 0.15517241379310345
    },
    "9": {
        "IoU": 0.856545901003748,
        "Precision": 0.8909351615360488,
        "Recall": 0.9568795418451321,
        "F1-score": 0.9227306478559495
    },
    "10": {
        "IoU": 0.0,
        "Precision": 0.0,
        "Recall": 0.0,
        "F1-score": 0.0
    },
    "11": {
        "IoU": 0.39949827532141735,
        "Precision": 0.6338308457711442,
        "Recall": 0.5193640440277212,
        "F1-score": 0.5709164239300919
    }
}