{
    "micro_IoU": 0.46975993827485224,
    "micro_Precision": 0.6392335592249689,
    "micro_Recall": 0.6392335592249689,
    "micro_F1-score": 0.6392335592249689,
    "MACRO_IoU": 0.15407411964404016,
    "MACRO_Precision": 0.26807903739061734,
    "MACRO_Recall": 0.2425138407336721,
    "MACRO_F1-score": 0.2208113627360638,
    "Accuracy": 0.6392335592249689
}