{
    "0": {
        "IoU": 0.3185784747691919,
        "Precision": 0.3457789979409746,
        "Recall": 0.801973893664438,
        "F1-score": 0.483215039324765
    },
    "1": {
        "IoU": 0.31550721353576555,
        "Precision": 0.6213924427253793,
        "Recall": 0.3905928558069946,
        "F1-score": 0.4796738631143776
    },
    "2": {
        "IoU": 0.11669658886894076,
        "Precision": 0.49872122762148335,
        "Recall": 0.13220338983050847,
        "F1-score": 0.2090032154340836
    },
    "3": {
        "IoU": 0.011111111111111112,
        "Precision": 0.043859649122807015,
        "Recall": 0.01466275659824047,
        "F1-score": 0.02197802197802198
    },
    "4": {
        "IoU": 0.2776735459662289,
        "Precision": 0.38341968911917096,
        "Recall": 0.5016949152542373,
        "F1-score": 0.434654919236417
    },
    "5": {
        "IoU": 0.0,
        "Precision": 0.0,
        "Recall": 0.0,
        "F1-score": 0.0
    },
    "6": {
        "IoU": 0.0,
        "Precision": 0.0,
        "Recall": 0.0,
        "F1-score": 0.0
    },
    "7": {
        "IoU": 0.007215007215007215,
        "Precision": 0.0847457627118644,
        "Recall": 0.00782472613458529,
        "F1-score": 0.014326647564469915
    },
    "8": {
        "IoU": 0.08189655172413793,
        "Precision": 0.25,
        "Recall": 0.10857142857142857,
        "F1-score": 0.15139442231075698
    },
    "9": {
        "IoU": 0.7061594202898551,
        "Precision": 0.7407548173767625,
        "Recall": 0.9379662158910439,
        "F1-score": 0.8277765980038224
    },
    "10": {
        "IoU": 0.0,
        "Precision": 0.0,
        "Recall": 0.0,
        "F1-score": 0.0
    },
    "11": {
        "IoU": 0.01405152224824356,
        "Precision": 0.2482758620689655,
        "Recall": 0.014675907052588666,
        "F1-score": 0.02771362586605081
    }
}