{
    "micro_IoU": 0.4676752819219724,
    "micro_Precision": 0.637300754032643,
    "micro_Recall": 0.637300754032643,
    "micro_F1-score": 0.637300754032643,
    "MACRO_IoU": 0.15532797860503214,
    "MACRO_Precision": 0.2562552065661644,
    "MACRO_Recall": 0.24329638935524442,
    "MACRO_F1-score": 0.2226520020337903,
    "Accuracy": 0.637300754032643
}