{
    "1": {
        "train_loss": 1.1376641826331617,
        "train_accuracy": 60.8961542984829,
        "train_IoU": 0.18752547061837413,
        "val_accuracy": 86.85324553151457,
        "val_loss": 0.4305162941341969,
        "val_IoU": 0.2705024655210879
    },
    "2": {
        "train_loss": 0.3532167266309263,
        "train_accuracy": 89.60366929319063,
        "train_IoU": 0.30280402870101236,
        "val_accuracy": 90.4280338664158,
        "val_loss": 0.28715797925173336,
        "val_IoU": 0.3502233649146508
    },
    "3": {
        "train_loss": 0.26793437808752074,
        "train_accuracy": 91.1991846015132,
        "train_IoU": 0.3665839424550545,
        "val_accuracy": 88.82878645343368,
        "val_loss": 0.3040623549205154,
        "val_IoU": 0.33879623054298197
    },
    "4": {
        "train_loss": 0.23614391755312683,
        "train_accuracy": 92.01458308832177,
        "train_IoU": 0.4061130772439453,
        "val_accuracy": 91.16886171213547,
        "val_loss": 0.2479109249230641,
        "val_IoU": 0.4088636275950608
    },
    "5": {
        "train_loss": 0.21249694459140295,
        "train_accuracy": 92.64573287859187,
        "train_IoU": 0.429871013524296,
        "val_accuracy": 91.52163687676388,
        "val_loss": 0.25848770541931265,
        "val_IoU": 0.3931027513501623
    },
    "6": {
        "train_loss": 0.205691550038755,
        "train_accuracy": 92.82214120506488,
        "train_IoU": 0.43314591724744606,
        "val_accuracy": 90.95719661335842,
        "val_loss": 0.26166019332942675,
        "val_IoU": 0.4278565434639838
    },
    "7": {
        "train_loss": 0.19430515997111802,
        "train_accuracy": 93.02207064173429,
        "train_IoU": 0.45154530190306724,
        "val_accuracy": 92.72107243650048,
        "val_loss": 0.20538942271204144,
        "val_IoU": 0.4458579753288998
    },
    "8": {
        "train_loss": 0.19263503000140178,
        "train_accuracy": 92.94366694107961,
        "train_IoU": 0.4487760466048358,
        "val_accuracy": 93.08560677328316,
        "val_loss": 0.19146128777247756,
        "val_IoU": 0.47528056054134676
    },
    "9": {
        "train_loss": 0.18232389446347957,
        "train_accuracy": 93.36704692461484,
        "train_IoU": 0.46177927028775484,
        "val_accuracy": 91.568673565381,
        "val_loss": 0.23629317243597403,
        "val_IoU": 0.429755620183116
    },
    "10": {
        "train_loss": 0.17802291728556147,
        "train_accuracy": 93.53561488102238,
        "train_IoU": 0.47156329489935084,
        "val_accuracy": 91.18062088428974,
        "val_loss": 0.23506412810798905,
        "val_IoU": 0.4348918038837913
    },
    "11": {
        "train_loss": 0.16975919608026735,
        "train_accuracy": 93.65714061703713,
        "train_IoU": 0.4896192733472581,
        "val_accuracy": 89.72248353715898,
        "val_loss": 0.2456271027895941,
        "val_IoU": 0.4295667522798394
    },
    "12": {
        "train_loss": 0.17442407138645652,
        "train_accuracy": 93.60225802657885,
        "train_IoU": 0.48079112819581743,
        "val_accuracy": 85.13640639698966,
        "val_loss": 0.3766390859191097,
        "val_IoU": 0.3712532715425635
    },
    "13": {
        "train_loss": 0.16533592564985147,
        "train_accuracy": 93.89235171900113,
        "train_IoU": 0.4835797428187806,
        "val_accuracy": 88.52304797742238,
        "val_loss": 0.31417179063184925,
        "val_IoU": 0.3927036008461891
    },
    "14": {
        "train_loss": 0.16120324540883302,
        "train_accuracy": 93.94331412442666,
        "train_IoU": 0.49289149620134487,
        "val_accuracy": 91.90968955785512,
        "val_loss": 0.2340086250385242,
        "val_IoU": 0.43575139163971394
    },
    "15": {
        "train_loss": 0.15535281535238024,
        "train_accuracy": 94.0060370849504,
        "train_IoU": 0.49099790909574287,
        "val_accuracy": 91.59219190968956,
        "val_loss": 0.24140718979622,
        "val_IoU": 0.4483897140610098
    },
    "16": {
        "train_loss": 0.15329139240086084,
        "train_accuracy": 94.15108393116155,
        "train_IoU": 0.5024950010492699,
        "val_accuracy": 91.49811853245532,
        "val_loss": 0.24327074458349995,
        "val_IoU": 0.4803783995148506
    },
    "17": {
        "train_loss": 0.15157757475972164,
        "train_accuracy": 94.07660041553962,
        "train_IoU": 0.5099308533298811,
        "val_accuracy": 91.89793038570085,
        "val_loss": 0.21619491379207642,
        "val_IoU": 0.49718459240563956
    },
    "18": {
        "train_loss": 0.14767613037489358,
        "train_accuracy": 94.11972245089967,
        "train_IoU": 0.5096777276896247,
        "val_accuracy": 90.15757290686736,
        "val_loss": 0.2668581800674324,
        "val_IoU": 0.4519178651423389
    },
    "19": {
        "train_loss": 0.14815127070993186,
        "train_accuracy": 94.26868948214356,
        "train_IoU": 0.5139499919599403,
        "val_accuracy": 93.0620884289746,
        "val_loss": 0.1894079199922618,
        "val_IoU": 0.4909502217604999
    },
    "20": {
        "train_loss": 0.1461051349341871,
        "train_accuracy": 94.32357207260182,
        "train_IoU": 0.5123590691942213,
        "val_accuracy": 76.05832549388522,
        "val_loss": 0.6177854871571953,
        "val_IoU": 0.2864528191156133
    },
    "21": {
        "train_loss": 0.14159224606119095,
        "train_accuracy": 94.30789133247089,
        "train_IoU": 0.5151523080239551,
        "val_accuracy": 91.45108184383818,
        "val_loss": 0.23431668741934336,
        "val_IoU": 0.45566825324033133
    },
    "22": {
        "train_loss": 0.1369181117042899,
        "train_accuracy": 94.53134187933671,
        "train_IoU": 0.5338696544176875,
        "val_accuracy": 91.6862652869238,
        "val_loss": 0.22258038140499767,
        "val_IoU": 0.4822020969238192
    },
    "23": {
        "train_loss": 0.13575202887877819,
        "train_accuracy": 94.44509780861657,
        "train_IoU": 0.5244733218469688,
        "val_accuracy": 90.62793979303856,
        "val_loss": 0.2708180749149463,
        "val_IoU": 0.42552157499012044
    },
    "24": {
        "train_loss": 0.13525537497363993,
        "train_accuracy": 94.45293817868203,
        "train_IoU": 0.5291267826171803,
        "val_accuracy": 92.2271872060207,
        "val_loss": 0.22377662138262785,
        "val_IoU": 0.4734903770538424
    },
    "25": {
        "train_loss": 0.13134900582954298,
        "train_accuracy": 94.57054372966404,
        "train_IoU": 0.5357034699207271,
        "val_accuracy": 93.10912511759172,
        "val_loss": 0.19626584104192793,
        "val_IoU": 0.49773497208376055
    },
    "26": {
        "train_loss": 0.13074701795354482,
        "train_accuracy": 94.52742169430397,
        "train_IoU": 0.5246085792847548,
        "val_accuracy": 89.66368767638758,
        "val_loss": 0.2848080516751134,
        "val_IoU": 0.4357257407922926
    },
    "27": {
        "train_loss": 0.1270239092595876,
        "train_accuracy": 94.71167039084246,
        "train_IoU": 0.5480388387206292,
        "val_accuracy": 86.0653809971778,
        "val_loss": 0.31124144592391895,
        "val_IoU": 0.4020506650569168
    },
    "28": {
        "train_loss": 0.124494859110564,
        "train_accuracy": 94.80575483162805,
        "train_IoU": 0.5418315625251935,
        "val_accuracy": 91.88617121354656,
        "val_loss": 0.22762972872648662,
        "val_IoU": 0.45731898269967447
    },
    "29": {
        "train_loss": 0.12225009443238376,
        "train_accuracy": 94.79791446156258,
        "train_IoU": 0.550456270715552,
        "val_accuracy": 92.47412982126059,
        "val_loss": 0.22261677282070047,
        "val_IoU": 0.47440045501241745
    },
    "30": {
        "train_loss": 0.11522580748423936,
        "train_accuracy": 95.09976870908307,
        "train_IoU": 0.5608138859812045,
        "val_accuracy": 92.66227657572908,