{
    "1": {
        "train_loss": 1.0336964453398847,
        "train_accuracy": 64.42720568150779,
        "train_IoU": 0.22982170183450248,
        "val_accuracy": 72.62723521320495,
        "val_loss": 0.6454493021697142,
        "val_IoU": 0.27769276127114284
    },
    "2": {
        "train_loss": 0.3852541902877764,
        "train_accuracy": 84.72548484020759,
        "train_IoU": 0.349908499503234,
        "val_accuracy": 80.05280205883658,
        "val_loss": 0.42296647858083924,
        "val_IoU": 0.3491130988401514
    },
    "3": {
        "train_loss": 0.32191986370020076,
        "train_accuracy": 85.54493307839388,
        "train_IoU": 0.3793436947959639,
        "val_accuracy": 79.66677020011537,
        "val_loss": 0.4336619162827396,
        "val_IoU": 0.3801800432940956
    },
    "4": {
        "train_loss": 0.2967124715364179,
        "train_accuracy": 86.1698989347173,
        "train_IoU": 0.40299279155523804,
        "val_accuracy": 81.65683098904024,
        "val_loss": 0.38557557945840815,
        "val_IoU": 0.4028939736501429
    },
    "5": {
        "train_loss": 0.28075966230650845,
        "train_accuracy": 86.5042338158973,
        "train_IoU": 0.416470287671598,
        "val_accuracy": 82.83933087811155,
        "val_loss": 0.35856210314825687,
        "val_IoU": 0.4175350469993843
    },
    "6": {
        "train_loss": 0.2688381163268115,
        "train_accuracy": 86.70417918601476,
        "train_IoU": 0.42921145938416455,
        "val_accuracy": 82.6041620446377,
        "val_loss": 0.3517186999990698,
        "val_IoU": 0.42842800739542614
    },
    "7": {
        "train_loss": 0.26076823423028644,
        "train_accuracy": 87.01775471182737,
        "train_IoU": 0.43663683038060386,
        "val_accuracy": 81.96077561343569,
        "val_loss": 0.34707450816470575,
        "val_IoU": 0.4197873871910378
    },
    "8": {
        "train_loss": 0.25335573001280876,
        "train_accuracy": 87.18273695711554,
        "train_IoU": 0.4459044967710803,
        "val_accuracy": 83.36957004037804,
        "val_loss": 0.3262953629319586,
        "val_IoU": 0.44300738749019986
    },
    "9": {
        "train_loss": 0.24740196356560257,
        "train_accuracy": 87.2526632067741,
        "train_IoU": 0.4477588563907351,
        "val_accuracy": 83.03456538137286,
        "val_loss": 0.3493728078483196,
        "val_IoU": 0.4171274558692908
    },
    "10": {
        "train_loss": 0.24237941954721948,
        "train_accuracy": 87.37721933897842,
        "train_IoU": 0.45842544428248894,
        "val_accuracy": 82.30465456804366,
        "val_loss": 0.35687033614415803,
        "val_IoU": 0.4392153476545488
    },
    "11": {
        "train_loss": 0.23750968543843848,
        "train_accuracy": 87.5061458617864,
        "train_IoU": 0.46097464821734896,
        "val_accuracy": 75.55575276212451,
        "val_loss": 0.46145443601554686,
        "val_IoU": 0.38174192826246106
    },
    "12": {
        "train_loss": 0.23319963553098327,
        "train_accuracy": 87.62523900573613,
        "train_IoU": 0.467231855552191,
        "val_accuracy": 69.02870834627501,
        "val_loss": 0.6017235376861655,
        "val_IoU": 0.3367124272363256
    },
    "13": {
        "train_loss": 0.23178887833430112,
        "train_accuracy": 87.68314668123463,
        "train_IoU": 0.4692693751177505,
        "val_accuracy": 81.82766117939389,
        "val_loss": 0.34605858634027203,
        "val_IoU": 0.41552860114502493
    },
    "14": {
        "train_loss": 0.2267991435927385,
        "train_accuracy": 87.74760994263863,
        "train_IoU": 0.47700198300448693,
        "val_accuracy": 82.12051293428584,
        "val_loss": 0.35921669910463055,
        "val_IoU": 0.4275297151380429
    },
    "15": {
        "train_loss": 0.22287845503351553,
        "train_accuracy": 87.9781480469817,
        "train_IoU": 0.4840101747196189,
        "val_accuracy": 84.34796113058526,
        "val_loss": 0.31272883997874307,
        "val_IoU": 0.45253425458181873
    },
    "16": {
        "train_loss": 0.22003948105780105,
        "train_accuracy": 87.9136847855777,
        "train_IoU": 0.48360556589567444,
        "val_accuracy": 82.19594444690954,
        "val_loss": 0.35619897186086413,
        "val_IoU": 0.41989432951503525
    },
    "17": {
        "train_loss": 0.21810620939931402,
        "train_accuracy": 88.00655558590549,
        "train_IoU": 0.486685658346609,
        "val_accuracy": 83.38953720548432,
        "val_loss": 0.32543742003735526,
        "val_IoU": 0.44174689587548416
    },
    "18": {
        "train_loss": 0.2149762512085823,
        "train_accuracy": 88.07648183556405,
        "train_IoU": 0.49045251637586235,
        "val_accuracy": 81.2996405910281,
        "val_loss": 0.3720764229806621,
        "val_IoU": 0.42348695875252823
    },
    "19": {
        "train_loss": 0.2128840547533675,
        "train_accuracy": 88.0218519530183,
        "train_IoU": 0.4916709254530042,
        "val_accuracy": 79.92634334649688,
        "val_loss": 0.3928026205368256,
        "val_IoU": 0.40662150702536093
    },
    "20": {
        "train_loss": 0.21044736010069287,
        "train_accuracy": 88.1660748429391,
        "train_IoU": 0.4968597807171365,
        "val_accuracy": 82.24031592492345,
        "val_loss": 0.35043091452523556,
        "val_IoU": 0.4395363949255467
    },
    "21": {
        "train_loss": 0.20724091133591852,
        "train_accuracy": 88.2764272056815,
        "train_IoU": 0.497681486314443,
        "val_accuracy": 82.06283001286772,
        "val_loss": 0.3640782863236545,
        "val_IoU": 0.43942262828077666
    },
    "22": {
        "train_loss": 0.20446551512073546,
        "train_accuracy": 88.29937175635072,
        "train_IoU": 0.49788310218222037,
        "val_accuracy": 81.49931224209078,
        "val_loss": 0.3708024202437884,
        "val_IoU": 0.43355407343161584
    },
    "23": {
        "train_loss": 0.20359542541330747,
        "train_accuracy": 88.28844577984157,
        "train_IoU": 0.5018684049925068,
        "val_accuracy": 83.90646492434664,
        "val_loss": 0.3229247971197192,
        "val_IoU": 0.44871888400921783
    },
    "24": {
        "train_loss": 0.20249108628853738,
        "train_accuracy": 88.3124829281617,
        "train_IoU": 0.5027577745339243,
        "val_accuracy": 78.0671784177131,
        "val_loss": 0.44427969549479107,
        "val_IoU": 0.4031515594445462
    },
    "25": {
        "train_loss": 0.19973563956481769,
        "train_accuracy": 88.39442775198033,
        "train_IoU": 0.5057468496780572,
        "val_accuracy": 80.39668101344456,
        "val_loss": 0.37886733620354296,
        "val_IoU": 0.4354345650736992
    },
    "26": {
        "train_loss": 0.19702376025682058,
        "train_accuracy": 88.47746517344987,
        "train_IoU": 0.5084008698201117,
        "val_accuracy": 83.7977548032125,
        "val_loss": 0.3268776988045554,
        "val_IoU": 0.45279293656231795
    },
    "27": {
        "train_loss": 0.19519657679110275,
        "train_accuracy": 88.51679868888283,
        "train_IoU": 0.5113664607447487,
        "val_accuracy": 82.42002041087989,
        "val_loss": 0.36064980639500566,
        "val_IoU": 0.4255795030837968
    },
    "28": {
        "train_loss": 0.19311903691824595,
        "train_accuracy": 88.50915050532642,
        "train_IoU": 0.5102725866599466,
        "val_accuracy": 81.53480942450193,
        "val_loss": 0.3686773244584545,
        "val_IoU": 0.4272951500996404
    },
    "29": {
        "train_loss": 0.19230035771537765,
        "train_accuracy": 88.5812619502868,
        "train_IoU": 0.5142129709147153,
        "val_accuracy": 79.82872609486623,
        "val_loss": 0.3936368498239626,
        "val_IoU": 0.4232023512127742
    },
    "30": {
        "train_loss": 0.18921600923191897,
        "train_accuracy": 88.52335427478832,
        "train_IoU": 0.5118573878924687,
        "val_accuracy": 83.24754847583972,