{
    "1": {
        "train_loss": 1.0533783367276197,
        "train_accuracy": 71.8886975579211,
        "train_IoU": 0.1995418853206397,
        "val_accuracy": 65.1326602488847,
        "val_loss": 0.9174794608087682,
        "val_IoU": 0.12081092674851278
    },
    "2": {
        "train_loss": 0.4026487182825803,
        "train_accuracy": 87.06950532247964,
        "train_IoU": 0.29951582228268364,
        "val_accuracy": 88.38929326132894,
        "val_loss": 0.33220305460602484,
        "val_IoU": 0.34088904964530553
    },
    "3": {
        "train_loss": 0.3436317554861307,
        "train_accuracy": 88.16139636819035,
        "train_IoU": 0.3391131815048581,
        "val_accuracy": 52.82930265320498,
        "val_loss": 1.1993197167097631,
        "val_IoU": 0.06927048495749398
    },
    "4": {
        "train_loss": 0.31678876049816607,
        "train_accuracy": 88.92063243581715,
        "train_IoU": 0.3609743578905198,
        "val_accuracy": 52.98192063864757,
        "val_loss": 1.1892147144274927,
        "val_IoU": 0.06793468720104251
    },
    "5": {
        "train_loss": 0.3024285590648654,
        "train_accuracy": 89.14370695053225,
        "train_IoU": 0.36570815538166646,
        "val_accuracy": 89.82155435548252,
        "val_loss": 0.2884911950399628,
        "val_IoU": 0.37949048061336793
    },
    "6": {
        "train_loss": 0.29131753794848897,
        "train_accuracy": 89.48418910457107,
        "train_IoU": 0.3689769995042104,
        "val_accuracy": 89.82155435548252,
        "val_loss": 0.2837191310836307,
        "val_IoU": 0.38736215630944354
    },
    "7": {
        "train_loss": 0.28434854961931705,
        "train_accuracy": 89.70726361928615,
        "train_IoU": 0.37819981533252595,
        "val_accuracy": 54.23808405729045,
        "val_loss": 1.194362930397489,
        "val_IoU": 0.07669664102888375
    },
    "8": {
        "train_loss": 0.2768636292219163,
        "train_accuracy": 89.78944896681278,
        "train_IoU": 0.380826199811901,
        "val_accuracy": 87.50880488377554,
        "val_loss": 0.34820813563332625,
        "val_IoU": 0.341105990061871
    },
    "9": {
        "train_loss": 0.2758469542115926,
        "train_accuracy": 89.7855353788353,
        "train_IoU": 0.37804195336301166,
        "val_accuracy": 87.8610002347969,
        "val_loss": 0.32601291208124866,
        "val_IoU": 0.3670327537424382
    },
    "10": {
        "train_loss": 0.2648742605000734,
        "train_accuracy": 90.07905447714465,
        "train_IoU": 0.3837789617676002,
        "val_accuracy": 90.37332707208266,
        "val_loss": 0.26506186354516154,
        "val_IoU": 0.38245247231777196
    },
    "11": {
        "train_loss": 0.261413176134229,
        "train_accuracy": 90.17689417658109,
        "train_IoU": 0.38405634984049214,
        "val_accuracy": 82.55459027940832,
        "val_loss": 0.4591034237128585,
        "val_IoU": 0.319213843209169
    },
    "12": {
        "train_loss": 0.25599181037396196,
        "train_accuracy": 90.36474639949907,
        "train_IoU": 0.3920770394813927,
        "val_accuracy": 69.06550833528998,
        "val_loss": 0.8306148915148491,
        "val_IoU": 0.1564768838430838
    },
    "13": {
        "train_loss": 0.2526625451445579,
        "train_accuracy": 90.53303068252974,
        "train_IoU": 0.39478487429079284,
        "val_accuracy": 88.24841512092041,
        "val_loss": 0.3190179387135292,
        "val_IoU": 0.34802914987835126
    },
    "14": {
        "train_loss": 0.25058703370392327,
        "train_accuracy": 90.509549154665,
        "train_IoU": 0.4018096044571672,
        "val_accuracy": 67.82108476168113,
        "val_loss": 0.7930185874896263,
        "val_IoU": 0.14895435902648063
    },
    "15": {
        "train_loss": 0.24857048645615573,
        "train_accuracy": 90.44693174702567,
        "train_IoU": 0.3968001483584453,
        "val_accuracy": 88.5301714017375,
        "val_loss": 0.3016735128502348,
        "val_IoU": 0.3864932470149241
    },
    "16": {
        "train_loss": 0.24085106950253246,
        "train_accuracy": 90.69348778960551,
        "train_IoU": 0.4084970499876184,
        "val_accuracy": 49.753463254285045,
        "val_loss": 1.944547838239528,
        "val_IoU": 0.0388568526618778
    },
    "17": {
        "train_loss": 0.2378337297588586,
        "train_accuracy": 90.7678459611772,
        "train_IoU": 0.41165843993117057,
        "val_accuracy": 91.12467715426156,
        "val_loss": 0.24591930955648414,
        "val_IoU": 0.40062161455351714
    },
    "18": {
        "train_loss": 0.23107201199978597,
        "train_accuracy": 90.93221665623044,
        "train_IoU": 0.41354317838963,
        "val_accuracy": 89.84503404555059,
        "val_loss": 0.27690877265004976,
        "val_IoU": 0.3922493929639578
    },
    "19": {
        "train_loss": 0.23358045734465127,
        "train_accuracy": 90.83046336881652,
        "train_IoU": 0.41235758980289255,
        "val_accuracy": 90.29114815684433,
        "val_loss": 0.25562664922048794,
        "val_IoU": 0.400856569500854
    },
    "20": {
        "train_loss": 0.23020162440836434,
        "train_accuracy": 91.06136505948655,
        "train_IoU": 0.4117002696028251,
        "val_accuracy": 90.3850669171167,
        "val_loss": 0.25468245326583067,
        "val_IoU": 0.3971268225590331
    },
    "21": {
        "train_loss": 0.22419552788138394,
        "train_accuracy": 91.20225422667502,
        "train_IoU": 0.42420568483332477,
        "val_accuracy": 90.80770133834233,
        "val_loss": 0.2525177531277957,
        "val_IoU": 0.4027729268993116
    },
    "22": {
        "train_loss": 0.2203802758082747,
        "train_accuracy": 91.26487163431433,
        "train_IoU": 0.4289900007592379,
        "val_accuracy": 90.44376614228692,
        "val_loss": 0.2573891779157652,
        "val_IoU": 0.4064695401481568
    },
    "23": {
        "train_loss": 0.216909918487072,
        "train_accuracy": 91.29618033813401,
        "train_IoU": 0.42785197984813633,
        "val_accuracy": 77.38905846442827,
        "val_loss": 0.5557037894405537,
        "val_IoU": 0.2758606832626095
    },
    "24": {
        "train_loss": 0.2164714158698917,
        "train_accuracy": 91.09658735128366,
        "train_IoU": 0.41849676888500364,
        "val_accuracy": 89.64545667997183,
        "val_loss": 0.29242713593724956,
        "val_IoU": 0.39554673522199385
    },
    "25": {
        "train_loss": 0.2118612365797162,
        "train_accuracy": 91.34314339386349,
        "train_IoU": 0.444321501858361,
        "val_accuracy": 50.77482977224701,
        "val_loss": 1.7450133989106367,
        "val_IoU": 0.051401319889527015
    },
    "26": {
        "train_loss": 0.20924019012600176,
        "train_accuracy": 91.39402003757044,
        "train_IoU": 0.4312424349806492,
        "val_accuracy": 91.04249823902325,
        "val_loss": 0.24553258361211458,
        "val_IoU": 0.4123040889057915
    },
    "27": {
        "train_loss": 0.20713729329407213,
        "train_accuracy": 91.55839073262368,
        "train_IoU": 0.4467635519042776,
        "val_accuracy": 90.93683963371684,
        "val_loss": 0.2509347770863504,
        "val_IoU": 0.39077731933130444
    },
    "28": {
        "train_loss": 0.20659419313073163,
        "train_accuracy": 91.32748904195367,
        "train_IoU": 0.44406570377268384,
        "val_accuracy": 91.33599436487438,
        "val_loss": 0.23223916207676498,
        "val_IoU": 0.4077849598635115
    },
    "29": {
        "train_loss": 0.2019798232614994,
        "train_accuracy": 91.59361302442079,
        "train_IoU": 0.4468827438098218,
        "val_accuracy": 50.38741488612351,
        "val_loss": 1.8017299975921857,
        "val_IoU": 0.047388064171011296
    },
    "30": {
        "train_loss": 0.2000683958455921,
        "train_accuracy": 91.66014402003756,
        "train_IoU": 0.46108017325217293,
        "val_accuracy": 88.08405729044377,