{
    "0": {
        "IoU": 0.8302486986697513,
        "Precision": 0.900564617314931,
        "Recall": 0.9140401146131805,
        "F1-score": 0.9072523305419498
    },
    "1": {
        "IoU": 0.8862800070089364,
        "Precision": 0.9335548172757475,
        "Recall": 0.9459510005610623,
        "F1-score": 0.9397120297259638
    },
    "2": {
        "IoU": 0.7672281776416539,
        "Precision": 0.8882978723404256,
        "Recall": 0.8491525423728814,
        "F1-score": 0.8682842287694974
    },
    "3": {
        "IoU": 0.17253521126760563,
        "Precision": 0.30153846153846153,
        "Recall": 0.2873900293255132,
        "F1-score": 0.29429429429429427
    },
    "4": {
        "IoU": 0.898360655737705,
        "Precision": 0.9647887323943662,
        "Recall": 0.9288135593220339,
        "F1-score": 0.9464594127806563
    },
    "5": {
        "IoU": 0.08421052631578947,
        "Precision": 0.13793103448275862,
        "Recall": 0.17777777777777778,
        "F1-score": 0.1553398058252427
    },
    "6": {
        "IoU": 0.002777777777777778,
        "Precision": 0.1,
        "Recall": 0.002849002849002849,
        "F1-score": 0.00554016620498615
    },
    "7": {
        "IoU": 0.2446524064171123,
        "Precision": 0.6267123287671232,
        "Recall": 0.2863849765258216,
        "F1-score": 0.39312567132116005
    },
    "8": {
        "IoU": 0.12135922330097088,
        "Precision": 0.44642857142857145,
        "Recall": 0.14285714285714285,
        "F1-score": 0.21645021645021645
    },
    "9": {
        "IoU": 0.8817836308997702,
        "Precision": 0.9151912668562517,
        "Recall": 0.9602483276384811,
        "F1-score": 0.9371785538150819
    },
    "10": {
        "IoU": 0.024096385542168676,
        "Precision": 0.05,
        "Recall": 0.044444444444444446,
        "F1-score": 0.047058823529411764
    },
    "11": {
        "IoU": 0.5924657534246576,
        "Precision": 0.7874374146563495,
        "Recall": 0.7052588666938443,
        "F1-score": 0.7440860215053764
    }
}