{
    "0": {
        "IoU": 0.4639357114856919,
        "Precision": 0.5469038817005545,
        "Recall": 0.7535816618911175,
        "F1-score": 0.6338197884589637
    },
    "1": {
        "IoU": 0.5083862679323389,
        "Precision": 0.68227969348659,
        "Recall": 0.6660744342622031,
        "F1-score": 0.6740796820289581
    },
    "2": {
        "IoU": 0.29627630868861304,
        "Precision": 0.5922330097087378,
        "Recall": 0.3722033898305085,
        "F1-score": 0.4571190674437968
    },
    "3": {
        "IoU": 0.041749502982107355,
        "Precision": 0.0594059405940594,
        "Recall": 0.12316715542521994,
        "F1-score": 0.08015267175572519
    },
    "4": {
        "IoU": 0.6594427244582043,
        "Precision": 0.8838174273858921,
        "Recall": 0.7220338983050848,
        "F1-score": 0.7947761194029851
    },
    "5": {
        "IoU": 0.0,
        "Precision": 0.0,
        "Recall": 0.0,
        "F1-score": 0.0
    },
    "6": {
        "IoU": 0.0025974025974025974,
        "Precision": 0.02857142857142857,
        "Recall": 0.002849002849002849,
        "F1-score": 0.0051813471502590676
    },
    "7": {
        "IoU": 0.0015267175572519084,
        "Precision": 0.058823529411764705,
        "Recall": 0.001564945226917058,
        "F1-score": 0.003048780487804878
    },
    "8": {
        "IoU": 0.05370843989769821,
        "Precision": 0.08860759493670886,
        "Recall": 0.12,
        "F1-score": 0.10194174757281553
    },
    "9": {
        "IoU": 0.7587373616750259,
        "Precision": 0.8144334301828747,
        "Recall": 0.9173203715289475,
        "F1-score": 0.8628205418373582
    },
    "10": {
        "IoU": 0.0,
        "Precision": 0.0,
        "Recall": 0.0,
        "F1-score": 0.0
    },
    "11": {
        "IoU": 0.06991304347826087,
        "Precision": 0.32263242375601925,
        "Recall": 0.08194048104362006,
        "F1-score": 0.1306892067620286
    }
}