{
    "micro_IoU": 0.5739502741681064,
    "micro_Precision": 0.7293118259043619,
    "micro_Recall": 0.7293118259043619,
    "micro_F1-score": 0.7293118259043619,
    "MACRO_IoU": 0.2467015336268701,
    "MACRO_Precision": 0.4185074089763328,
    "MACRO_Recall": 0.3164233628501717,
    "MACRO_F1-score": 0.32360301192723756,
    "Accuracy": 0.7293118259043619
}