{
    "0": {
        "IoU": 0.4837244511733535,
        "Precision": 0.5439455203234731,
        "Recall": 0.8137535816618912,
        "F1-score": 0.6520408163265307
    },
    "1": {
        "IoU": 0.5039500143636886,
        "Precision": 0.6847857909632088,
        "Recall": 0.6561623340190761,
        "F1-score": 0.6701685688362542
    },
    "2": {
        "IoU": 0.31541802388707924,
        "Precision": 0.6128691983122363,
        "Recall": 0.39389830508474577,
        "F1-score": 0.47957078002476267
    },
    "3": {
        "IoU": 0.04178674351585014,
        "Precision": 0.07591623036649214,
        "Recall": 0.08504398826979472,
        "F1-score": 0.08022130013831259
    },
    "4": {
        "IoU": 0.670926517571885,
        "Precision": 0.9210526315789473,
        "Recall": 0.711864406779661,
        "F1-score": 0.8030592734225621
    },
    "5": {
        "IoU": 0.0,
        "Precision": 0.0,
        "Recall": 0.0,
        "F1-score": 0.0
    },
    "6": {
        "IoU": 0.0,
        "Precision": 0.0,
        "Recall": 0.0,
        "F1-score": 0.0
    },
    "7": {
        "IoU": 0.0015625,
        "Precision": 0.5,
        "Recall": 0.001564945226917058,
        "F1-score": 0.0031201248049922
    },
    "8": {
        "IoU": 0.09900990099009901,
        "Precision": 0.425531914893617,
        "Recall": 0.11428571428571428,
        "F1-score": 0.18018018018018017
    },
    "9": {
        "IoU": 0.7635847046288623,
        "Precision": 0.8092171294747407,
        "Recall": 0.9312286443043457,
        "F1-score": 0.8659461636571122
    },
    "10": {
        "IoU": 0.0,
        "Precision": 0.0,
        "Recall": 0.0,
        "F1-score": 0.0
    },
    "11": {
        "IoU": 0.0804555473916238,
        "Precision": 0.4487704918032787,
        "Recall": 0.0892784345699144,
        "F1-score": 0.14892893573614416
    }
}