{
    "micro_IoU": 0.45822749573749955,
    "micro_Precision": 0.6284718908084376,
    "micro_Recall": 0.6284718908084376,
    "micro_F1-score": 0.6284718908084376,
    "MACRO_IoU": 0.14976753313175464,
    "MACRO_Precision": 0.25027602848540914,
    "MACRO_Recall": 0.2526959499074659,
    "MACRO_F1-score": 0.21661743024518113,
    "Accuracy": 0.6284718908084376
}