{
    "0": {
        "IoU": 0.32756727073036795,
        "Precision": 0.3654464695971818,
        "Recall": 0.7596306908627826,
        "F1-score": 0.4934850051706308
    },
    "1": {
        "IoU": 0.2950932436563742,
        "Precision": 0.6176611742121261,
        "Recall": 0.3610435758369179,
        "F1-score": 0.4557096488639717
    },
    "2": {
        "IoU": 0.11087990487514864,
        "Precision": 0.47395171537484115,
        "Recall": 0.1264406779661017,
        "F1-score": 0.19962536794219962
    },
    "3": {
        "IoU": 0.010443864229765013,
        "Precision": 0.018475750577367205,
        "Recall": 0.02346041055718475,
        "F1-score": 0.020671834625323
    },
    "4": {
        "IoU": 0.243142144638404,
        "Precision": 0.2777777777777778,
        "Recall": 0.6610169491525424,
        "F1-score": 0.39117352056168503
    },
    "5": {
        "IoU": 0.0,
        "Precision": 0.0,
        "Recall": 0.0,
        "F1-score": 0.0
    },
    "6": {
        "IoU": 0.007853403141361256,
        "Precision": 0.08823529411764706,
        "Recall": 0.008547008547008548,
        "F1-score": 0.015584415584415584
    },
    "7": {
        "IoU": 0.005856515373352855,
        "Precision": 0.08333333333333333,
        "Recall": 0.006259780907668232,
        "F1-score": 0.011644832605531296
    },
    "8": {
        "IoU": 0.06756756756756757,
        "Precision": 0.14184397163120568,
        "Recall": 0.11428571428571428,
        "F1-score": 0.12658227848101267
    },
    "9": {
        "IoU": 0.695449492595116,
        "Precision": 0.7317938268809902,
        "Recall": 0.9333461668030223,
        "F1-score": 0.8203718195469639
    },
    "10": {
        "IoU": 0.0,
        "Precision": 0.0,
        "Recall": 0.0,
        "F1-score": 0.0
    },
    "11": {
        "IoU": 0.0333569907735983,
        "Precision": 0.2047930283224401,
        "Recall": 0.038320423970648186,
        "F1-score": 0.06456043956043957
    }
}