{
    "micro_IoU": 0.7664067439409905,
    "micro_Precision": 0.8677579459769018,
    "micro_Recall": 0.8677579459769018,
    "micro_F1-score": 0.8677579459769018,
    "MACRO_IoU": 0.3884654479944434,
    "MACRO_Precision": 0.5075544739403487,
    "MACRO_Recall": 0.45166872212758963,
    "MACRO_F1-score": 0.4644522287446436,
    "Accuracy": 0.8677579459769018
}