{
    "micro_IoU": 0.7668908236186943,
    "micro_Precision": 0.8680681492793738,
    "micro_Recall": 0.8680681492793738,
    "micro_F1-score": 0.8680681492793738,
    "MACRO_IoU": 0.3828492687297836,
    "MACRO_Precision": 0.5025437939294333,
    "MACRO_Recall": 0.44293145174666987,
    "MACRO_F1-score": 0.45640412872860286,
    "Accuracy": 0.8680681492793738
}