{
    "0": {
        "IoU": 0.8014867841409692,
        "Precision": 0.8556731334509112,
        "Recall": 0.9267749124482649,
        "F1-score": 0.8898058994345102
    },
    "1": {
        "IoU": 0.80878024852845,
        "Precision": 0.8654535911118887,
        "Recall": 0.9250981858986348,
        "F1-score": 0.8942824858757062
    },
    "2": {
        "IoU": 0.7192307692307692,
        "Precision": 0.9295774647887324,
        "Recall": 0.7606779661016949,
        "F1-score": 0.8366890380313199
    },
    "3": {
        "IoU": 0.11279826464208242,
        "Precision": 0.3023255813953488,
        "Recall": 0.15249266862170088,
        "F1-score": 0.20272904483430798
    },
    "4": {
        "IoU": 0.758957654723127,
        "Precision": 0.9510204081632653,
        "Recall": 0.7898305084745763,
        "F1-score": 0.8629629629629629
    },
    "5": {
        "IoU": 0.07432432432432433,
        "Precision": 0.09649122807017543,
        "Recall": 0.24444444444444444,
        "F1-score": 0.13836477987421383
    },
    "6": {
        "IoU": 0.0,
        "Precision": 0.0,
        "Recall": 0.0,
        "F1-score": 0.0
    },
    "7": {
        "IoU": 0.061519903498190594,
        "Precision": 0.21161825726141079,
        "Recall": 0.07981220657276995,
        "F1-score": 0.1159090909090909
    },
    "8": {
        "IoU": 0.05339805825242718,
        "Precision": 0.2619047619047619,
        "Recall": 0.06285714285714286,
        "F1-score": 0.10138248847926268
    },
    "9": {
        "IoU": 0.8629544766763219,
        "Precision": 0.8945905974095819,
        "Recall": 0.9606333317291497,
        "F1-score": 0.9264364615241808
    },
    "10": {
        "IoU": 0.0,
        "Precision": 0.0,
        "Recall": 0.0,
        "F1-score": 0.0
    },
    "11": {
        "IoU": 0.34074074074074073,
        "Precision": 0.6618705035971223,
        "Recall": 0.4125560538116592,
        "F1-score": 0.5082872928176796
    }
}