{
    "micro_IoU": 0.5625069907907982,
    "micro_Precision": 0.7200057268301995,
    "micro_Recall": 0.7200057268301995,
    "micro_F1-score": 0.7200057268301995,
    "MACRO_IoU": 0.2368440830306139,
    "MACRO_Precision": 0.40311967216368905,
    "MACRO_Recall": 0.30317492277412506,
    "MACRO_F1-score": 0.3078401385822194,
    "Accuracy": 0.7200057268301995
}