{
    "micro_IoU": 0.4629616700411925,
    "micro_Precision": 0.6329101842130381,
    "micro_Recall": 0.6329101842130381,
    "micro_F1-score": 0.6329101842130381,
    "MACRO_IoU": 0.15649862470204198,
    "MACRO_Precision": 0.25682947675272877,
    "MACRO_Recall": 0.2343389160214504,
    "MACRO_F1-score": 0.22305173616251586,
    "Accuracy": 0.6329101842130381
}