{
    "0": {
        "IoU": 0.32187583266719955,
        "Precision": 0.3562896327975225,
        "Recall": 0.7691817892390959,
        "F1-score": 0.4869985889941544
    },
    "1": {
        "IoU": 0.29619628115114577,
        "Precision": 0.6287258434326891,
        "Recall": 0.3589863474845708,
        "F1-score": 0.4570238095238095
    },
    "2": {
        "IoU": 0.1264172335600907,
        "Precision": 0.435546875,
        "Recall": 0.1511864406779661,
        "F1-score": 0.2244589833920483
    },
    "3": {
        "IoU": 0.004901960784313725,
        "Precision": 0.028985507246376812,
        "Recall": 0.005865102639296188,
        "F1-score": 0.00975609756097561
    },
    "4": {
        "IoU": 0.35443037974683544,
        "Precision": 0.5833333333333334,
        "Recall": 0.4745762711864407,
        "F1-score": 0.5233644859813084
    },
    "5": {
        "IoU": 0.0,
        "Precision": 0.0,
        "Recall": 0.0,
        "F1-score": 0.0
    },
    "6": {
        "IoU": 0.0,
        "Precision": 0.0,
        "Recall": 0.0,
        "F1-score": 0.0
    },
    "7": {
        "IoU": 0.0,
        "Precision": 0.0,
        "Recall": 0.0,
        "F1-score": 0.0
    },
    "8": {
        "IoU": 0.03985507246376811,
        "Precision": 0.09821428571428571,
        "Recall": 0.06285714285714286,
        "F1-score": 0.07665505226480836
    },
    "9": {
        "IoU": 0.6926837909654562,
        "Precision": 0.7241915768418713,
        "Recall": 0.9409018720823908,
        "F1-score": 0.8184444072337576
    },
    "10": {
        "IoU": 0.0,
        "Precision": 0.0,
        "Recall": 0.0,
        "F1-score": 0.0
    },
    "11": {
        "IoU": 0.0416229450856943,
        "Precision": 0.22666666666666666,
        "Recall": 0.048512026090501426,
        "F1-score": 0.07991940899932841
    }
}