{
    "1": {
        "train_loss": 0.8481259057670834,
        "train_accuracy": 76.11431259555451,
        "train_IoU": 0.21290650330471456,
        "val_accuracy": 81.19708372530575,
        "val_loss": 0.5636588174905349,
        "val_IoU": 0.22084827792865785
    },
    "2": {
        "train_loss": 0.32107944779098024,
        "train_accuracy": 90.05841075698773,
        "train_IoU": 0.33911639892481327,
        "val_accuracy": 88.65239887111947,
        "val_loss": 0.3206206893742973,
        "val_IoU": 0.3485206836628016
    },
    "3": {
        "train_loss": 0.2536909623816608,
        "train_accuracy": 91.63040495511387,
        "train_IoU": 0.378215526009308,
        "val_accuracy": 91.94496707431796,
        "val_loss": 0.23413454730119276,
        "val_IoU": 0.4089201677669051
    },
    "4": {
        "train_loss": 0.22413437720388182,
        "train_accuracy": 92.15178956446745,
        "train_IoU": 0.4068380152676204,
        "val_accuracy": 80.62088428974602,
        "val_loss": 0.5303473098954158,
        "val_IoU": 0.239618795420245
    },
    "5": {
        "train_loss": 0.20903928991407156,
        "train_accuracy": 92.6614136187228,
        "train_IoU": 0.4247190018124772,
        "val_accuracy": 86.01834430856069,
        "val_loss": 0.3959966829018806,
        "val_IoU": 0.32454882386559475
    },
    "6": {
        "train_loss": 0.1932591481879353,
        "train_accuracy": 93.11223489748717,
        "train_IoU": 0.442204112816205,
        "val_accuracy": 87.85277516462841,
        "val_loss": 0.30503171104103766,
        "val_IoU": 0.39887173836973805
    },
    "7": {
        "train_loss": 0.18758062370121484,
        "train_accuracy": 93.41016895997491,
        "train_IoU": 0.4519012539943,
        "val_accuracy": 91.5098777046096,
        "val_loss": 0.24245053440777223,
        "val_IoU": 0.411528311761603
    },
    "8": {
        "train_loss": 0.18079141233116391,
        "train_accuracy": 93.41800933004038,
        "train_IoU": 0.45399536343324026,
        "val_accuracy": 89.36970837253058,
        "val_loss": 0.2922108773864917,
        "val_IoU": 0.37237431250266273
    },
    "9": {
        "train_loss": 0.174905086196959,
        "train_accuracy": 93.62577913677525,
        "train_IoU": 0.46298236381203406,
        "val_accuracy": 89.73424270931326,
        "val_loss": 0.2838462533345864,
        "val_IoU": 0.379779376241668
    },
    "10": {
        "train_loss": 0.1722393452748656,
        "train_accuracy": 93.71986357756086,
        "train_IoU": 0.46823946687621826,
        "val_accuracy": 87.34713076199435,
        "val_loss": 0.3387530010137985,
        "val_IoU": 0.35628986555300685
    },
    "11": {
        "train_loss": 0.16440907249227169,
        "train_accuracy": 93.9472343094594,
        "train_IoU": 0.4795471716531895,
        "val_accuracy": 89.88711194731891,
        "val_loss": 0.26749040364329485,
        "val_IoU": 0.4019310811361584
    },
    "12": {
        "train_loss": 0.1612018178775906,
        "train_accuracy": 93.89235171900113,
        "train_IoU": 0.480460459414827,
        "val_accuracy": 86.67685794920037,
        "val_loss": 0.38248447362166726,
        "val_IoU": 0.3691353071385763
    },
    "13": {
        "train_loss": 0.16236350391060114,
        "train_accuracy": 93.88059116390293,
        "train_IoU": 0.4798156581976565,
        "val_accuracy": 83.64299153339604,
        "val_loss": 0.4438842517226488,
        "val_IoU": 0.2929459359784624
    },
    "14": {
        "train_loss": 0.15891980489715937,
        "train_accuracy": 93.97859578972128,
        "train_IoU": 0.4788739519470497,
        "val_accuracy": 91.63922859830667,
        "val_loss": 0.2308347116210567,
        "val_IoU": 0.43304616195188383
    },
    "15": {
        "train_loss": 0.1485410988330842,
        "train_accuracy": 94.20204633658709,
        "train_IoU": 0.4920070666689464,
        "val_accuracy": 84.66603951081844,
        "val_loss": 0.3528321082912274,
        "val_IoU": 0.3538337562556345
    },
    "16": {
        "train_loss": 0.14841049136593934,
        "train_accuracy": 94.25300874201263,
        "train_IoU": 0.507055982423166,
        "val_accuracy": 87.33537158984007,
        "val_loss": 0.33476165693197674,
        "val_IoU": 0.3462871251612636
    },
    "17": {
        "train_loss": 0.144050868395716,
        "train_accuracy": 94.4725391038457,
        "train_IoU": 0.5083878387876436,
        "val_accuracy": 89.86359360301034,
        "val_loss": 0.29036469490670447,
        "val_IoU": 0.38316286859742427
    },
    "18": {
        "train_loss": 0.14348915571346882,
        "train_accuracy": 94.37061429299463,
        "train_IoU": 0.4924355185770689,
        "val_accuracy": 90.87488240827845,
        "val_loss": 0.24988510203895284,
        "val_IoU": 0.4238648098586797
    },
    "19": {
        "train_loss": 0.13685303652659056,
        "train_accuracy": 94.64110706025325,
        "train_IoU": 0.5111427095321218,
        "val_accuracy": 74.67074317968014,
        "val_loss": 0.6337526440620421,
        "val_IoU": 0.22495174450981653
    },
    "20": {
        "train_loss": 0.1378085252828896,
        "train_accuracy": 94.44509780861657,
        "train_IoU": 0.5042790355663462,
        "val_accuracy": 91.11006585136407,
        "val_loss": 0.23377744708933046,
        "val_IoU": 0.45255254146474755
    },
    "21": {
        "train_loss": 0.13517275838181378,
        "train_accuracy": 94.4960602140421,
        "train_IoU": 0.5202869250119047,
        "val_accuracy": 88.6994355597366,
        "val_loss": 0.31835191485597125,
        "val_IoU": 0.38960293617794367
    },
    "22": {
        "train_loss": 0.1309618761390447,
        "train_accuracy": 94.84495668195538,
        "train_IoU": 0.5226267800733355,
        "val_accuracy": 87.31185324553151,
        "val_loss": 0.3402502301023968,
        "val_IoU": 0.3804541875437991
    },
    "23": {
        "train_loss": 0.13199976993724702,
        "train_accuracy": 94.72735113097337,
        "train_IoU": 0.5377823251950786,
        "val_accuracy": 92.49764816556915,
        "val_loss": 0.20339539079968608,
        "val_IoU": 0.4812349653486888
    },
    "24": {
        "train_loss": 0.12661059547215694,
        "train_accuracy": 94.84887686698812,
        "train_IoU": 0.5512528483155469,
        "val_accuracy": 91.88617121354656,
        "val_loss": 0.22650124710887218,
        "val_IoU": 0.46847082546387575
    },
    "25": {
        "train_loss": 0.12721266111358992,
        "train_accuracy": 94.80575483162805,
        "train_IoU": 0.5236566894305408,
        "val_accuracy": 88.40545625587959,
        "val_loss": 0.2900349437745652,
        "val_IoU": 0.4178353787475228
    },
    "26": {
        "train_loss": 0.1220846623927355,
        "train_accuracy": 94.85671723705359,
        "train_IoU": 0.5349605162294346,
        "val_accuracy": 90.83960489181561,
        "val_loss": 0.23847775761760887,
        "val_IoU": 0.4809486331253921
    },
    "27": {
        "train_loss": 0.1190728780813516,
        "train_accuracy": 94.9508016778392,
        "train_IoU": 0.5306090005891433,
        "val_accuracy": 91.89793038570085,
        "val_loss": 0.23096720385017677,
        "val_IoU": 0.4635854059059801
    },
    "28": {
        "train_loss": 0.1257693765684962,
        "train_accuracy": 94.6019052099259,
        "train_IoU": 0.517335994709334,
        "val_accuracy": 87.85277516462841,
        "val_loss": 0.32294924557209015,
        "val_IoU": 0.38978606169719215
    },
    "29": {
        "train_loss": 0.12092412402853367,
        "train_accuracy": 94.95472186287192,
        "train_IoU": 0.5355948816775511,
        "val_accuracy": 92.4623706491063,
        "val_loss": 0.21541459758335088,
        "val_IoU": 0.46171465062174527
    },
    "30": {
        "train_loss": 0.11466765323653819,
        "train_accuracy": 95.02528519346113,
        "train_IoU": 0.5510977912640489,
        "val_accuracy": 87.78222013170273,