{
    "1": {
        "train_loss": 1.3425009797513479,
        "train_accuracy": 68.1876883340508,
        "train_IoU": 0.1893343289295655,
        "val_accuracy": 86.2878610002348,
        "val_loss": 0.46564762939268084,
        "val_IoU": 0.27037151878750953
    },
    "2": {
        "train_loss": 0.4118905065953732,
        "train_accuracy": 87.35960552576996,
        "train_IoU": 0.29923088713537993,
        "val_accuracy": 86.80441418173281,
        "val_loss": 0.3780353360656482,
        "val_IoU": 0.3284075221860934
    },
    "3": {
        "train_loss": 0.3412539613991976,
        "train_accuracy": 88.34187766602747,
        "train_IoU": 0.34209193622854894,
        "val_accuracy": 88.90584644282696,
        "val_loss": 0.32581179444469616,
        "val_IoU": 0.363474603805734
    },
    "4": {
        "train_loss": 0.3071969716250898,
        "train_accuracy": 89.30458263217626,
        "train_IoU": 0.3640607677171224,
        "val_accuracy": 89.5867574548016,
        "val_loss": 0.2978523765037308,
        "val_IoU": 0.35643365996980364
    },
    "5": {
        "train_loss": 0.290613626688719,
        "train_accuracy": 89.56678276523304,
        "train_IoU": 0.3734290911084634,
        "val_accuracy": 89.25804179384832,
        "val_loss": 0.3018679627731664,
        "val_IoU": 0.3612250752005078
    },
    "6": {
        "train_loss": 0.27880799487233143,
        "train_accuracy": 89.8446366375768,
        "train_IoU": 0.3743690460629693,
        "val_accuracy": 88.92932613289504,
        "val_loss": 0.30535792414821794,
        "val_IoU": 0.36928716833122244
    },
    "7": {
        "train_loss": 0.27055780086666364,
        "train_accuracy": 90.10683677063358,
        "train_IoU": 0.38295757168075567,
        "val_accuracy": 89.91547311575488,
        "val_loss": 0.279546372258841,
        "val_IoU": 0.3784076224926502
    },
    "8": {
        "train_loss": 0.26306561402976525,
        "train_accuracy": 90.29859507689899,
        "train_IoU": 0.38813026707063736,
        "val_accuracy": 89.3519605541207,
        "val_loss": 0.29122911882934277,
        "val_IoU": 0.3717135524729488
    },
    "9": {
        "train_loss": 0.25542015399783835,
        "train_accuracy": 90.45904590459047,
        "train_IoU": 0.3862964070404785,
        "val_accuracy": 89.10542380840573,
        "val_loss": 0.29565195850471965,
        "val_IoU": 0.3753611362627727
    },
    "10": {
        "train_loss": 0.24775398787111036,
        "train_accuracy": 90.61166986263844,
        "train_IoU": 0.38963148832408706,
        "val_accuracy": 90.43202629725288,
        "val_loss": 0.2658112347126007,
        "val_IoU": 0.386129346921634
    },
    "11": {
        "train_loss": 0.24062931679189206,
        "train_accuracy": 90.72907290729073,
        "train_IoU": 0.39546061364522445,
        "val_accuracy": 89.95069265085701,
        "val_loss": 0.2683421573532162,
        "val_IoU": 0.387923231567811
    },
    "12": {
        "train_loss": 0.23890320450067515,
        "train_accuracy": 90.7995147340821,
        "train_IoU": 0.3960047459736816,
        "val_accuracy": 90.04461141112937,
        "val_loss": 0.2764833378258036,
        "val_IoU": 0.3863609038470722
    },
    "13": {
        "train_loss": 0.23495621073991052,
        "train_accuracy": 90.84647595194302,
        "train_IoU": 0.3930178883843218,
        "val_accuracy": 89.5867574548016,
        "val_loss": 0.27713370790232467,
        "val_IoU": 0.37699863719397314
    },
    "14": {
        "train_loss": 0.23130372874438743,
        "train_accuracy": 90.91300434391265,
        "train_IoU": 0.3999697673604156,
        "val_accuracy": 84.99647804648978,
        "val_loss": 0.3771528970839373,
        "val_IoU": 0.33802437933456886
    },
    "15": {
        "train_loss": 0.22516427189111718,
        "train_accuracy": 91.24173286893907,
        "train_IoU": 0.4132173209036244,
        "val_accuracy": 90.25592862174219,
        "val_loss": 0.25748537480831135,
        "val_IoU": 0.3901789911359035
    },
    "16": {
        "train_loss": 0.22326583739370096,
        "train_accuracy": 91.22216569483035,
        "train_IoU": 0.41061869593041705,
        "val_accuracy": 90.51420521249119,
        "val_loss": 0.2616123170105379,
        "val_IoU": 0.3938899238338009
    },
    "17": {
        "train_loss": 0.22033816814422622,
        "train_accuracy": 91.32782843501741,
        "train_IoU": 0.42188516018405886,
        "val_accuracy": 89.56327776473351,
        "val_loss": 0.2926453225203415,
        "val_IoU": 0.37776415271096203
    },
    "18": {
        "train_loss": 0.21903136327862754,
        "train_accuracy": 91.18694478143466,
        "train_IoU": 0.4143267518605264,
        "val_accuracy": 90.46724583235502,
        "val_loss": 0.25729728523475026,
        "val_IoU": 0.41645122337088725
    },
    "19": {
        "train_loss": 0.21474120572209354,
        "train_accuracy": 91.35522247876962,
        "train_IoU": 0.41712513925525135,
        "val_accuracy": 87.1918290678563,
        "val_loss": 0.34039156761632045,
        "val_IoU": 0.34167639919281034
    },
    "20": {
        "train_loss": 0.21044692512601607,
        "train_accuracy": 91.44131804484796,
        "train_IoU": 0.4193385605775075,
        "val_accuracy": 82.67198872974876,
        "val_loss": 0.43612961004029466,
        "val_IoU": 0.32079401988975687
    },
    "21": {
        "train_loss": 0.2031381387636066,
        "train_accuracy": 91.5352404805698,
        "train_IoU": 0.4402734411722516,
        "val_accuracy": 90.80770133834233,
        "val_loss": 0.2528406282636657,
        "val_IoU": 0.42047627155803513
    },
    "22": {
        "train_loss": 0.20182495824992655,
        "train_accuracy": 91.53132704574806,
        "train_IoU": 0.4347857647869373,
        "val_accuracy": 90.24418877670814,
        "val_loss": 0.2648256083032979,
        "val_IoU": 0.407822277851594
    },
    "23": {
        "train_loss": 0.20009823732078072,
        "train_accuracy": 91.80135404844833,
        "train_IoU": 0.44183448660812513,
        "val_accuracy": 89.82155435548252,
        "val_loss": 0.2753322128929309,
        "val_IoU": 0.39218625958780967
    },
    "24": {
        "train_loss": 0.19540137223899356,
        "train_accuracy": 91.71134504754824,
        "train_IoU": 0.4466917370347634,
        "val_accuracy": 89.95069265085701,
        "val_loss": 0.2737289842829775,
        "val_IoU": 0.41033506611485754
    },
    "25": {
        "train_loss": 0.1926753439754248,
        "train_accuracy": 91.93049739756584,
        "train_IoU": 0.4576767764977029,
        "val_accuracy": 90.10331063629961,
        "val_loss": 0.2589687771761595,
        "val_IoU": 0.4101356461629956
    },
    "26": {
        "train_loss": 0.191517430730164,
        "train_accuracy": 92.00485265917897,
        "train_IoU": 0.4527430144650018,
        "val_accuracy": 91.1598966893637,
        "val_loss": 0.2472307934467472,
        "val_IoU": 0.4236110993434302
    },
    "27": {
        "train_loss": 0.18590925037860864,
        "train_accuracy": 92.06746761632685,
        "train_IoU": 0.4643955739547324,
        "val_accuracy": 90.06809110119747,
        "val_loss": 0.2641179852966052,
        "val_IoU": 0.3998397178841232
    },
    "28": {
        "train_loss": 0.18236790183931587,
        "train_accuracy": 92.08312135561383,
        "train_IoU": 0.45730614308623196,
        "val_accuracy": 88.89410659779291,
        "val_loss": 0.29688237562998016,
        "val_IoU": 0.39123373493537705
    },
    "29": {
        "train_loss": 0.18300278000533587,
        "train_accuracy": 92.14964974758345,
        "train_IoU": 0.46765119455871573,
        "val_accuracy": 90.54942474759333,
        "val_loss": 0.2597841280165004,
        "val_IoU": 0.43924048819406786
    },
    "30": {
        "train_loss": 0.17665358658879993,
        "train_accuracy": 92.29444683598794,
        "train_IoU": 0.4804706620935917,
        "val_accuracy": 90.57290443766142,