{
    "micro_IoU": 0.7668163325533843,
    "micro_Precision": 0.8680204256943782,
    "micro_Recall": 0.8680204256943782,
    "micro_F1-score": 0.8680204256943782,
    "MACRO_IoU": 0.3992031112625672,
    "MACRO_Precision": 0.519916649352467,
    "MACRO_Recall": 0.47094254820742815,
    "MACRO_F1-score": 0.47851831687870444,
    "Accuracy": 0.8680204256943782
}