{
    "0": {
        "IoU": 0.8094837261503928,
        "Precision": 0.8721281741233373,
        "Recall": 0.9184972938554601,
        "F1-score": 0.8947123585051946
    },
    "1": {
        "IoU": 0.802221308103661,
        "Precision": 0.8696931858722797,
        "Recall": 0.9118197119880307,
        "F1-score": 0.8902583767004474
    },
    "2": {
        "IoU": 0.7179407176287051,
        "Precision": 0.9002347417840375,
        "Recall": 0.78,
        "F1-score": 0.8358154740283328
    },
    "3": {
        "IoU": 0.12038523274478331,
        "Precision": 0.21008403361344538,
        "Recall": 0.21994134897360704,
        "F1-score": 0.2148997134670487
    },
    "4": {
        "IoU": 0.7840531561461794,
        "Precision": 0.9752066115702479,
        "Recall": 0.8,
        "F1-score": 0.8789571694599627
    },
    "5": {
        "IoU": 0.08653846153846154,
        "Precision": 0.1323529411764706,
        "Recall": 0.2,
        "F1-score": 0.1592920353982301
    },
    "6": {
        "IoU": 0.013550135501355014,
        "Precision": 0.21739130434782608,
        "Recall": 0.014245014245014245,
        "F1-score": 0.026737967914438502
    },
    "7": {
        "IoU": 0.07421383647798742,
        "Precision": 0.2744186046511628,
        "Recall": 0.09233176838810642,
        "F1-score": 0.13817330210772832
    },
    "8": {
        "IoU": 0.1115702479338843,
        "Precision": 0.2872340425531915,
        "Recall": 0.15428571428571428,
        "F1-score": 0.20074349442379183
    },
    "9": {
        "IoU": 0.8534150312794584,
        "Precision": 0.8861452215696743,
        "Recall": 0.9585158092304731,
        "F1-score": 0.920910877355219
    },
    "10": {
        "IoU": 0.0,
        "Precision": 0.0,
        "Recall": 0.0,
        "F1-score": 0.0
    },
    "11": {
        "IoU": 0.3181031498788508,
        "Precision": 0.6782287822878229,
        "Recall": 0.37464329392580514,
        "F1-score": 0.48266806722689076
    }
}