{
    "0": {
        "IoU": 0.7823654768247204,
        "Precision": 0.8273239436619718,
        "Recall": 0.9350525310410697,
        "F1-score": 0.877895680765207
    },
    "1": {
        "IoU": 0.8079864745189598,
        "Precision": 0.8531837116381875,
        "Recall": 0.938470170188891,
        "F1-score": 0.8937970343322794
    },
    "2": {
        "IoU": 0.7296729672967297,
        "Precision": 0.863943161634103,
        "Recall": 0.8244067796610169,
        "F1-score": 0.843712055507372
    },
    "3": {
        "IoU": 0.1003584229390681,
        "Precision": 0.20512820512820512,
        "Recall": 0.16422287390029325,
        "F1-score": 0.18241042345276873
    },
    "4": {
        "IoU": 0.7913907284768212,
        "Precision": 0.9715447154471545,
        "Recall": 0.8101694915254237,
        "F1-score": 0.8835489833641405
    },
    "5": {
        "IoU": 0.09009009009009009,
        "Precision": 0.13157894736842105,
        "Recall": 0.2222222222222222,
        "F1-score": 0.1652892561983471
    },
    "6": {
        "IoU": 0.0,
        "Precision": 0.0,
        "Recall": 0.0,
        "F1-score": 0.0
    },
    "7": {
        "IoU": 0.0693196405648267,
        "Precision": 0.27835051546391754,
        "Recall": 0.08450704225352113,
        "F1-score": 0.12965186074429771
    },
    "8": {
        "IoU": 0.09049773755656108,
        "Precision": 0.30303030303030304,
        "Recall": 0.11428571428571428,
        "F1-score": 0.16597510373443983
    },
    "9": {
        "IoU": 0.8617483222948374,
        "Precision": 0.9067706650666912,
        "Recall": 0.9455219211704124,
        "F1-score": 0.9257409414314659
    },
    "10": {
        "IoU": 0.0,
        "Precision": 0.0,
        "Recall": 0.0,
        "F1-score": 0.0
    },
    "11": {
        "IoU": 0.33815551537070526,
        "Precision": 0.7497995188452286,
        "Recall": 0.3811659192825112,
        "F1-score": 0.5054054054054054
    }
}