{
    "1": {
        "train_loss": 1.0524898277223116,
        "train_accuracy": 72.21764867301737,
        "train_IoU": 0.20409599399762673,
        "val_accuracy": 85.5832549388523,
        "val_loss": 0.4785906134256675,
        "val_IoU": 0.26055276502761265
    },
    "2": {
        "train_loss": 0.33509512726217505,
        "train_accuracy": 89.79183817476185,
        "train_IoU": 0.31157696519363604,
        "val_accuracy": 89.40498588899342,
        "val_loss": 0.32052899941579627,
        "val_IoU": 0.33312568498987755
    },
    "3": {
        "train_loss": 0.25974485643208034,
        "train_accuracy": 91.41871496334628,
        "train_IoU": 0.361426246699984,
        "val_accuracy": 91.55691439322672,
        "val_loss": 0.24733992632645277,
        "val_IoU": 0.3824074893311161
    },
    "4": {
        "train_loss": 0.22837459716945888,
        "train_accuracy": 92.25763456035125,
        "train_IoU": 0.39300770327671225,
        "val_accuracy": 91.58043273753528,
        "val_loss": 0.24338143585778,
        "val_IoU": 0.42004442195606184
    },
    "5": {
        "train_loss": 0.20905235193669794,
        "train_accuracy": 92.86918342545768,
        "train_IoU": 0.4244793882310407,
        "val_accuracy": 89.66368767638758,
        "val_loss": 0.27126924315495266,
        "val_IoU": 0.4070295994740176
    },
    "6": {
        "train_loss": 0.19857936006039384,
        "train_accuracy": 93.02207064173429,
        "train_IoU": 0.4354661325528181,
        "val_accuracy": 90.28692380056444,
        "val_loss": 0.2568316960067892,
        "val_IoU": 0.39869712201782315
    },
    "7": {
        "train_loss": 0.18522392880171548,
        "train_accuracy": 93.44545062526952,
        "train_IoU": 0.4548380909777015,
        "val_accuracy": 90.41627469426152,
        "val_loss": 0.2739060434387691,
        "val_IoU": 0.3897755458001194
    },
    "8": {
        "train_loss": 0.18405442982912074,
        "train_accuracy": 93.31216433415656,
        "train_IoU": 0.4480994281036531,
        "val_accuracy": 92.69755409219191,
        "val_loss": 0.19842487840510128,
        "val_IoU": 0.4586703160508804
    },
    "9": {
        "train_loss": 0.17451878782361746,
        "train_accuracy": 93.64538006193892,
        "train_IoU": 0.46067345413816546,
        "val_accuracy": 87.48824082784571,
        "val_loss": 0.30159978145983696,
        "val_IoU": 0.3862538202054647
    },
    "10": {
        "train_loss": 0.169885720834136,
        "train_accuracy": 93.84138931357559,
        "train_IoU": 0.4686567520123637,
        "val_accuracy": 93.28551269990592,
        "val_loss": 0.18513121200141627,
        "val_IoU": 0.4601219868406329
    },
    "11": {
        "train_loss": 0.16432225015014407,
        "train_accuracy": 93.96683523462308,
        "train_IoU": 0.4702193949776609,
        "val_accuracy": 93.23847601128881,
        "val_loss": 0.18613223867741094,
        "val_IoU": 0.460466446823759
    },
    "12": {
        "train_loss": 0.16149336531758304,
        "train_accuracy": 94.0295581951468,
        "train_IoU": 0.4736988661919227,
        "val_accuracy": 92.2271872060207,
        "val_loss": 0.21550594848483356,
        "val_IoU": 0.4354932950898697
    },
    "13": {
        "train_loss": 0.15704544076696036,
        "train_accuracy": 93.99819671488494,
        "train_IoU": 0.48029788842624244,
        "val_accuracy": 92.95625587958608,
        "val_loss": 0.19606057565603685,
        "val_IoU": 0.4577964116724336
    },
    "14": {
        "train_loss": 0.15434830941259867,
        "train_accuracy": 94.02171782508134,
        "train_IoU": 0.4847170276640772,
        "val_accuracy": 92.87394167450611,
        "val_loss": 0.19266955515564382,
        "val_IoU": 0.4597718072012016
    },
    "15": {
        "train_loss": 0.14958180895075193,
        "train_accuracy": 94.20988670665255,
        "train_IoU": 0.4931816871533545,
        "val_accuracy": 94.06161806208843,
        "val_loss": 0.16632126466329417,
        "val_IoU": 0.48781253586265605
    },
    "16": {
        "train_loss": 0.14768373114988212,
        "train_accuracy": 94.4019757732565,
        "train_IoU": 0.5013001376423193,
        "val_accuracy": 92.14487300094073,
        "val_loss": 0.22926803555951195,
        "val_IoU": 0.4354564639836964
    },
    "17": {
        "train_loss": 0.14462613634765153,
        "train_accuracy": 94.3196518875691,
        "train_IoU": 0.5046734024876929,
        "val_accuracy": 92.30950141110065,
        "val_loss": 0.21213827882684877,
        "val_IoU": 0.43181218960193807
    },
    "18": {
        "train_loss": 0.14546274930238723,
        "train_accuracy": 94.31573170253635,
        "train_IoU": 0.49846832540145186,
        "val_accuracy": 88.72295390404516,
        "val_loss": 0.3203773040380051,
        "val_IoU": 0.407624181082226
    },
    "19": {
        "train_loss": 0.13834301879629501,
        "train_accuracy": 94.66854835548237,
        "train_IoU": 0.5165272080837293,
        "val_accuracy": 92.01552210724365,
        "val_loss": 0.22348000064714627,
        "val_IoU": 0.4604125825594545
    },
    "20": {
        "train_loss": 0.135462435167283,
        "train_accuracy": 94.79399427652984,
        "train_IoU": 0.5283518760700441,
        "val_accuracy": 90.08701787394168,
        "val_loss": 0.28108005292380034,
        "val_IoU": 0.4180339141507152
    },
    "21": {
        "train_loss": 0.13347617104649537,
        "train_accuracy": 94.53918224940217,
        "train_IoU": 0.5153539403961285,
        "val_accuracy": 90.63969896519285,
        "val_loss": 0.26673790990416685,
        "val_IoU": 0.43004088342399593
    },
    "22": {
        "train_loss": 0.1322978986054659,
        "train_accuracy": 94.65286761535144,
        "train_IoU": 0.5179589264119361,
        "val_accuracy": 93.32079021636876,
        "val_loss": 0.18582591347729982,
        "val_IoU": 0.4945610191052696
    },
    "23": {
        "train_loss": 0.1296868953667582,
        "train_accuracy": 94.73519150103886,
        "train_IoU": 0.5273338096921864,
        "val_accuracy": 92.48588899341486,
        "val_loss": 0.20634859627974564,
        "val_IoU": 0.4591213508591009
    },
    "24": {
        "train_loss": 0.1289765876717865,
        "train_accuracy": 94.66854835548237,
        "train_IoU": 0.5245650335210208,
        "val_accuracy": 91.34524929444967,
        "val_loss": 0.2500724874770463,
        "val_IoU": 0.443132770350911
    },
    "25": {
        "train_loss": 0.12725751558318735,
        "train_accuracy": 94.73911168607158,
        "train_IoU": 0.5253281625480598,
        "val_accuracy": 93.14440263405457,
        "val_loss": 0.1995840037046973,
        "val_IoU": 0.47843599689816396
    },
    "26": {
        "train_loss": 0.12116065118461854,
        "train_accuracy": 94.9860833431338,
        "train_IoU": 0.5398359155230007,
        "val_accuracy": 93.7793979303857,
        "val_loss": 0.1694628532920311,
        "val_IoU": 0.5101802364021659
    },
    "27": {
        "train_loss": 0.12192326413467533,
        "train_accuracy": 94.9743227880356,
        "train_IoU": 0.5406205293536815,
        "val_accuracy": 93.120884289746,
        "val_loss": 0.18912057244955602,
        "val_IoU": 0.525780055797872
    },
    "28": {
        "train_loss": 0.12025305446237329,
        "train_accuracy": 94.93120075267552,
        "train_IoU": 0.5366135330662559,
        "val_accuracy": 92.85042333019756,
        "val_loss": 0.20362075351512257,
        "val_IoU": 0.47454331793371995
    },
    "29": {
        "train_loss": 0.11807863725349314,
        "train_accuracy": 95.0331255635266,
        "train_IoU": 0.5445706033524942,
        "val_accuracy": 92.61523988711194,
        "val_loss": 0.2007376960854032,
        "val_IoU": 0.48980754020381895
    },
    "30": {
        "train_loss": 0.11694280685856936,
        "train_accuracy": 95.0684072288212,
        "train_IoU": 0.5472686929207116,
        "val_accuracy": 92.3447789275635,