{
    "0": {
        "IoU": 0.7962910128388017,
        "Precision": 0.8846275752773376,
        "Recall": 0.8885705189430118,
        "F1-score": 0.886594663278272
    },
    "1": {
        "IoU": 0.8054901323804109,
        "Precision": 0.8596688913929098,
        "Recall": 0.9274359453899382,
        "F1-score": 0.8922675543160452
    },
    "2": {
        "IoU": 0.763751127141569,
        "Precision": 0.8708019191226868,
        "Recall": 0.8613559322033898,
        "F1-score": 0.8660531697341514
    },
    "3": {
        "IoU": 0.12484237074401008,
        "Precision": 0.17967332123411978,
        "Recall": 0.2903225806451613,
        "F1-score": 0.2219730941704036
    },
    "4": {
        "IoU": 0.7704918032786885,
        "Precision": 0.9591836734693877,
        "Recall": 0.7966101694915254,
        "F1-score": 0.8703703703703703
    },
    "5": {
        "IoU": 0.06040268456375839,
        "Precision": 0.07964601769911504,
        "Recall": 0.2,
        "F1-score": 0.11392405063291139
    },
    "6": {
        "IoU": 0.002793296089385475,
        "Precision": 0.125,
        "Recall": 0.002849002849002849,
        "F1-score": 0.005571030640668524
    },
    "7": {
        "IoU": 0.0825593395252838,
        "Precision": 0.1951219512195122,
        "Recall": 0.12519561815336464,
        "F1-score": 0.15252621544327932
    },
    "8": {
        "IoU": 0.1735159817351598,
        "Precision": 0.4634146341463415,
        "Recall": 0.21714285714285714,
        "F1-score": 0.29571984435797666
    },
    "9": {
        "IoU": 0.8719458215297451,
        "Precision": 0.9157214577910003,
        "Recall": 0.9480244477597575,
        "F1-score": 0.9315930103331678
    },
    "10": {
        "IoU": 0.0,
        "Precision": 0.0,
        "Recall": 0.0,
        "F1-score": 0.0
    },
    "11": {
        "IoU": 0.33835376532399297,
        "Precision": 0.706140350877193,
        "Recall": 0.3938035059111292,
        "F1-score": 0.5056267992672075
    }
}