{
    "1": {
        "train_loss": 1.1679799620807174,
        "train_accuracy": 60.50170234414745,
        "train_IoU": 0.18154568893881445,
        "val_accuracy": 76.19159427095562,
        "val_loss": 0.7770709261965397,
        "val_IoU": 0.2158351317101207
    },
    "2": {
        "train_loss": 0.41863391503691666,
        "train_accuracy": 87.16393378468281,
        "train_IoU": 0.31822851503738014,
        "val_accuracy": 88.51843155670345,
        "val_loss": 0.34525078134750253,
        "val_IoU": 0.3428489612915931
    },
    "3": {
        "train_loss": 0.34887050330638875,
        "train_accuracy": 88.15794622940555,
        "train_IoU": 0.3357955663912092,
        "val_accuracy": 86.61657666118808,
        "val_loss": 0.3552172490909917,
        "val_IoU": 0.33706467116435157
    },
    "4": {
        "train_loss": 0.31764010004699234,
        "train_accuracy": 88.9719406723281,
        "train_IoU": 0.3582290253014711,
        "val_accuracy": 89.08194411833765,
        "val_loss": 0.298101620665237,
        "val_IoU": 0.37887898265404807
    },
    "5": {
        "train_loss": 0.29928948111832143,
        "train_accuracy": 89.28501545806755,
        "train_IoU": 0.37118549553390323,
        "val_accuracy": 89.46935900446114,
        "val_loss": 0.29760936191722526,
        "val_IoU": 0.37370557213302036
    },
    "6": {
        "train_loss": 0.28689479380846034,
        "train_accuracy": 89.44155285093727,
        "train_IoU": 0.3686564210195718,
        "val_accuracy": 89.88025358065273,
        "val_loss": 0.2743030810978874,
        "val_IoU": 0.38084342944372934
    },
    "7": {
        "train_loss": 0.2738575076311826,
        "train_accuracy": 90.02465463937698,
        "train_IoU": 0.3847088768425534,
        "val_accuracy": 89.78633482038038,
        "val_loss": 0.27722215630225294,
        "val_IoU": 0.3780250936900313
    },
    "8": {
        "train_loss": 0.27017626941204065,
        "train_accuracy": 89.9894337259813,
        "train_IoU": 0.3828331816609682,
        "val_accuracy": 89.92721296078892,
        "val_loss": 0.2770895081669537,
        "val_IoU": 0.3863070676125163
    },
    "9": {
        "train_loss": 0.2602475960552692,
        "train_accuracy": 90.23206668492935,
        "train_IoU": 0.3852053591056599,
        "val_accuracy": 90.88988025358066,
        "val_loss": 0.25660860293836735,
        "val_IoU": 0.3997200558495173
    },
    "10": {
        "train_loss": 0.2582180242240429,
        "train_accuracy": 90.22423981528588,
        "train_IoU": 0.38987741647064406,
        "val_accuracy": 90.11505048133365,
        "val_loss": 0.26494731409336203,
        "val_IoU": 0.39487816010527305
    },
    "11": {
        "train_loss": 0.24801459025591613,
        "train_accuracy": 90.54514147066881,
        "train_IoU": 0.39224006865155325,
        "val_accuracy": 87.8375205447288,
        "val_loss": 0.30273968581833055,
        "val_IoU": 0.3682332061390382
    },
    "12": {
        "train_loss": 0.2474621621146798,
        "train_accuracy": 90.58818925370798,
        "train_IoU": 0.39646365698139824,
        "val_accuracy": 90.06809110119747,
        "val_loss": 0.2719469381802118,
        "val_IoU": 0.3923611667344059
    },
    "13": {
        "train_loss": 0.2421526439487933,
        "train_accuracy": 90.7447266465777,
        "train_IoU": 0.401928704838821,
        "val_accuracy": 89.3284808640526,
        "val_loss": 0.2752828088714115,
        "val_IoU": 0.3816927200585229
    },
    "14": {
        "train_loss": 0.22984571062028394,
        "train_accuracy": 90.98344617070403,
        "train_IoU": 0.41300089208443,
        "val_accuracy": 90.56116459262738,
        "val_loss": 0.2483981560860107,
        "val_IoU": 0.42104982143442843
    },
    "15": {
        "train_loss": 0.22887077555060392,
        "train_accuracy": 91.07345517160412,
        "train_IoU": 0.40815374396241744,
        "val_accuracy": 90.81944118337638,
        "val_loss": 0.24848658647110214,
        "val_IoU": 0.3950790641723484
    },
    "16": {
        "train_loss": 0.22806795593351126,
        "train_accuracy": 91.02258051892146,
        "train_IoU": 0.4112537866815527,
        "val_accuracy": 89.0467245832355,
        "val_loss": 0.2883697986157973,
        "val_IoU": 0.38387134283223506
    },
    "17": {
        "train_loss": 0.22098481144756085,
        "train_accuracy": 91.15172386803899,
        "train_IoU": 0.4186977044558077,
        "val_accuracy": 90.20896924160601,
        "val_loss": 0.26491804309745326,
        "val_IoU": 0.40807139663242037
    },
    "18": {
        "train_loss": 0.21875482857227327,
        "train_accuracy": 91.2534731734043,
        "train_IoU": 0.4336343863111185,
        "val_accuracy": 90.81944118337638,
        "val_loss": 0.24273952063339865,
        "val_IoU": 0.3968483049555966
    },
    "19": {
        "train_loss": 0.21401277944445607,
        "train_accuracy": 91.32391500019568,
        "train_IoU": 0.42274020123989103,
        "val_accuracy": 89.16412303357596,
        "val_loss": 0.28564920065118293,
        "val_IoU": 0.39559879358409106
    },
    "20": {
        "train_loss": 0.21135935869067912,
        "train_accuracy": 91.51175987163934,
        "train_IoU": 0.4340198263939372,
        "val_accuracy": 88.26015496595446,
        "val_loss": 0.31332401130626447,
        "val_IoU": 0.3624008923872499
    },
    "21": {
        "train_loss": 0.2059731284156441,
        "train_accuracy": 91.66829726450906,
        "train_IoU": 0.44365320709471645,
        "val_accuracy": 85.37215308757924,
        "val_loss": 0.3418936818393309,
        "val_IoU": 0.3385459338914305
    },
    "22": {
        "train_loss": 0.20639199592173085,
        "train_accuracy": 91.71525848236998,
        "train_IoU": 0.44801899501801185,
        "val_accuracy": 90.63160366283165,
        "val_loss": 0.24736660685557035,
        "val_IoU": 0.4071150306070551
    },
    "23": {
        "train_loss": 0.19998064700514082,
        "train_accuracy": 91.59785543771768,
        "train_IoU": 0.44339226058079956,
        "val_accuracy": 89.92721296078892,
        "val_loss": 0.26200611355589387,
        "val_IoU": 0.39627114551467335
    },
    "24": {
        "train_loss": 0.19759646568447345,
        "train_accuracy": 91.71134504754824,
        "train_IoU": 0.4493697454033019,
        "val_accuracy": 87.56750410894576,
        "val_loss": 0.3251532747674344,
        "val_IoU": 0.37492293250492126
    },
    "25": {
        "train_loss": 0.19581356827169658,
        "train_accuracy": 91.71917191719172,
        "train_IoU": 0.4483044342616521,
        "val_accuracy": 89.9976520309932,
        "val_loss": 0.2671475218080762,
        "val_IoU": 0.4197928819948186
    },
    "26": {
        "train_loss": 0.19118595954030757,
        "train_accuracy": 91.82483465737879,
        "train_IoU": 0.46232262992683437,
        "val_accuracy": 90.80770133834233,
        "val_loss": 0.24449123086324373,
        "val_IoU": 0.4129237089677107
    },
    "27": {
        "train_loss": 0.188264772668481,
        "train_accuracy": 92.02050639846593,
        "train_IoU": 0.46451988438872943,
        "val_accuracy": 80.78187367926743,
        "val_loss": 0.4912336179569586,
        "val_IoU": 0.3261936566296597
    },
    "28": {
        "train_loss": 0.19025100991129876,
        "train_accuracy": 91.95789144131804,
        "train_IoU": 0.4702414301371497,
        "val_accuracy": 90.61986381779761,
        "val_loss": 0.24915878852801526,
        "val_IoU": 0.41925681317978236
    },
    "29": {
        "train_loss": 0.1837041013687849,
        "train_accuracy": 92.08703479043557,
        "train_IoU": 0.47124241555331003,
        "val_accuracy": 90.27940831181029,
        "val_loss": 0.2509435464197131,
        "val_IoU": 0.41676893291338185
    },
    "30": {
        "train_loss": 0.18271647818386558,
        "train_accuracy": 92.08703479043557,
        "train_IoU": 0.4679115961719732,
        "val_accuracy": 90.43202629725288,