{
    "micro_IoU": 0.8201085776330076,
    "micro_Precision": 0.9011644554738952,
    "micro_Recall": 0.9011644554738952,
    "micro_F1-score": 0.9011644554738952,
    "MACRO_IoU": 0.45883320450032494,
    "MACRO_Precision": 0.5877037597545821,
    "MACRO_Recall": 0.5204306487484323,
    "MACRO_F1-score": 0.5378984628969864,
    "Accuracy": 0.9011644554738952
}